Data;Ret_USD;ret_IBOV;ret_CVCB3;;;;;
10/12/2013;0,00;0,00;0,00;;;;;
11/12/2013;0,01;-0,02;-0,01;;;;;
12/12/2013;0,00;0,00;-0,02;;;;;
13/12/2013;0,00;0,00;0,00;;;;;
16/12/2013;0,00;0,00;-0,02;;;;;
17/12/2013;0,00;0,00;-0,01;;;;;
18/12/2013;0,00;0,01;-0,02;;;;;
19/12/2013;0,01;0,01;0,01;;;;;
20/12/2013;0,01;0,01;-0,02;;;;;
23/12/2013;0,00;0,00;-0,01;;;;;
26/12/2013;-0,01;0,00;0,01;;;;;
27/12/2013;0,00;0,00;0,01;;;;;
30/12/2013;0,00;0,00;0,02;;;;;
02/01/2014;0,02;-0,02;0,02;;;;;
03/01/2014;-0,01;0,01;0,02;;;;;
06/01/2014;0,00;0,00;0,01;;;;;
07/01/2014;-0,01;-0,01;0,00;;;;;
08/01/2014;0,01;0,00;-0,01;;;;;
09/01/2014;0,01;-0,02;0,00;;;;;
10/01/2014;-0,01;0,01;0,01;;;;;
13/01/2014;-0,01;-0,01;-0,01;;;;;
14/01/2014;0,01;0,01;-0,01;;;;;
15/01/2014;-0,01;0,01;0,01;;;;;
16/01/2014;0,01;-0,01;-0,02;;;;;
17/01/2014;0,00;-0,01;-0,03;;;;;
20/01/2014;-0,01;-0,01;0,01;;;;;
21/01/2014;0,01;0,00;-0,01;;;;;
22/01/2014;0,00;0,02;0,01;;;;;
23/01/2014;0,01;-0,02;0,00;;;;;
24/01/2014;0,02;-0,01;-0,01;;;;;
27/01/2014;0,00;0,00;-0,01;;;;;
28/01/2014;0,01;0,00;-0,02;;;;;
29/01/2014;0,01;-0,01;-0,03;;;;;
30/01/2014;-0,01;-0,01;0,00;;;;;
31/01/2014;0,00;0,01;0,02;;;;;
03/02/2014;-0,01;-0,03;-0,04;;;;;
04/02/2014;0,00;0,02;0,02;;;;;
05/02/2014;0,00;-0,01;0,01;;;;;
06/02/2014;0,00;0,02;0,00;;;;;
07/02/2014;-0,01;0,01;-0,01;;;;;
10/02/2014;0,00;-0,01;-0,05;;;;;
11/02/2014;0,01;0,02;0,00;;;;;
12/02/2014;0,00;-0,01;0,00;;;;;
13/02/2014;0,01;-0,01;0,04;;;;;
14/02/2014;-0,01;0,01;-0,01;;;;;
17/02/2014;0,00;-0,01;0,00;;;;;
18/02/2014;0,00;-0,02;-0,05;;;;;
19/02/2014;0,00;0,01;-0,04;;;;;
20/02/2014;-0,01;0,00;-0,02;;;;;
21/02/2014;-0,01;0,00;0,01;;;;;
24/02/2014;-0,01;0,00;0,00;;;;;
25/02/2014;0,00;-0,01;0,01;;;;;
26/02/2014;0,00;0,00;0,05;;;;;
27/02/2014;0,00;0,02;0,09;;;;;
28/02/2014;0,00;-0,01;0,00;;;;;
05/03/2014;0,00;-0,01;0,01;;;;;
06/03/2014;-0,01;0,01;0,04;;;;;
07/03/2014;0,01;-0,02;0,00;;;;;
10/03/2014;0,00;-0,02;-0,02;;;;;
11/03/2014;0,00;0,00;-0,02;;;;;
12/03/2014;0,01;0,00;-0,02;;;;;
13/03/2014;-0,01;-0,01;0,01;;;;;
14/03/2014;0,01;-0,01;0,01;;;;;
17/03/2014;-0,01;0,00;0,00;;;;;
18/03/2014;0,00;0,02;0,00;;;;;
19/03/2014;-0,01;0,01;0,01;;;;;
20/03/2014;0,00;0,02;-0,02;;;;;
21/03/2014;-0,01;0,00;0,01;;;;;
24/03/2014;0,00;0,01;-0,01;;;;;
25/03/2014;-0,01;0,00;0,01;;;;;
26/03/2014;0,00;0,00;0,00;;;;;
27/03/2014;-0,01;0,04;0,04;;;;;
28/03/2014;-0,01;0,00;0,03;;;;;
31/03/2014;0,00;0,01;0,00;;;;;
01/04/2014;0,00;0,00;0,00;;;;;
02/04/2014;0,00;0,03;0,02;;;;;
03/04/2014;0,00;-0,01;0,03;;;;;
04/04/2014;-0,02;-0,01;-0,01;;;;;
07/04/2014;0,00;0,02;0,02;;;;;
08/04/2014;-0,02;-0,01;0,00;;;;;
09/04/2014;0,01;-0,01;0,00;;;;;
10/04/2014;-0,01;0,00;0,02;;;;;
11/04/2014;0,00;0,01;0,02;;;;;
14/04/2014;0,00;-0,01;0,04;;;;;
15/04/2014;0,01;-0,02;0,00;;;;;
16/04/2014;0,00;0,01;0,03;;;;;
17/04/2014;0,01;0,02;-0,01;;;;;
22/04/2014;0,00;0,00;-0,01;;;;;
23/04/2014;0,00;-0,01;-0,02;;;;;
24/04/2014;-0,01;0,00;-0,01;;;;;
25/04/2014;0,00;-0,01;-0,02;;;;;
28/04/2014;0,00;0,00;-0,02;;;;;
29/04/2014;-0,01;0,01;0,01;;;;;
30/04/2014;0,01;0,00;0,00;;;;;
02/05/2014;-0,01;0,03;0,00;;;;;
05/05/2014;0,00;0,01;0,00;;;;;
06/05/2014;0,00;0,01;-0,03;;;;;
07/05/2014;0,00;0,01;0,00;;;;;
08/05/2014;-0,01;-0,01;-0,02;;;;;
09/05/2014;0,00;-0,01;-0,01;;;;;
12/05/2014;0,00;0,02;-0,01;;;;;
13/05/2014;0,00;0,00;0,03;;;;;
14/05/2014;0,00;0,01;0,00;;;;;
15/05/2014;0,00;-0,01;0,00;;;;;
16/05/2014;0,00;0,00;-0,01;;;;;
19/05/2014;0,00;-0,01;0,00;;;;;
20/05/2014;0,00;-0,02;0,00;;;;;
21/05/2014;0,00;0,00;0,01;;;;;
22/05/2014;0,00;0,01;0,00;;;;;
23/05/2014;0,00;0,00;-0,02;;;;;
26/05/2014;0,00;0,01;-0,01;;;;;
27/05/2014;0,01;-0,01;-0,02;;;;;
28/05/2014;0,00;0,01;-0,02;;;;;
29/05/2014;-0,01;-0,01;0,02;;;;;
30/05/2014;0,01;-0,02;-0,01;;;;;
02/06/2014;0,01;0,01;-0,01;;;;;
03/06/2014;0,00;0,01;0,01;;;;;
04/06/2014;0,01;0,00;-0,01;;;;;
05/06/2014;0,00;-0,01;0,00;;;;;
06/06/2014;-0,01;0,03;0,02;;;;;
09/06/2014;0,00;0,02;0,00;;;;;
10/06/2014;0,00;0,01;-0,01;;;;;
11/06/2014;0,00;0,01;0,02;;;;;
13/06/2014;0,00;-0,01;-0,01;;;;;
16/06/2014;0,00;0,00;0,00;;;;;
17/06/2014;0,01;-0,01;0,01;;;;;
18/06/2014;0,00;0,02;0,00;;;;;
20/06/2014;-0,01;-0,01;-0,03;;;;;
23/06/2014;-0,01;-0,01;0,00;;;;;
24/06/2014;0,00;0,00;0,00;;;;;
25/06/2014;-0,01;-0,02;-0,02;;;;;
26/06/2014;0,00;0,00;-0,01;;;;;
27/06/2014;-0,01;-0,01;-0,03;;;;;
30/06/2014;0,00;0,00;0,02;;;;;
01/07/2014;0,00;0,00;-0,02;;;;;
02/07/2014;0,00;0,00;0,01;;;;;
03/07/2014;0,01;0,02;-0,01;;;;;
04/07/2014;-0,01;0,00;0,02;;;;;
07/07/2014;0,00;0,00;-0,01;;;;;
08/07/2014;0,00;0,00;-0,03;;;;;
10/07/2014;0,00;0,02;0,00;;;;;
11/07/2014;0,00;0,00;0,00;;;;;
14/07/2014;0,00;0,02;0,04;;;;;
15/07/2014;0,00;0,00;0,01;;;;;
16/07/2014;0,00;0,00;0,01;;;;;
17/07/2014;0,01;0,00;0,04;;;;;
18/07/2014;0,00;0,02;0,04;;;;;
21/07/2014;-0,01;0,01;-0,01;;;;;
22/07/2014;0,00;0,01;-0,01;;;;;
23/07/2014;0,00;-0,01;-0,02;;;;;
24/07/2014;0,00;0,01;0,00;;;;;
25/07/2014;0,00;0,00;0,02;;;;;
28/07/2014;0,00;0,00;-0,01;;;;;
29/07/2014;0,00;-0,01;-0,01;;;;;
30/07/2014;0,01;0,00;0,02;;;;;
31/07/2014;0,01;-0,02;-0,01;;;;;
01/08/2014;0,00;0,00;-0,01;;;;;
04/08/2014;0,00;0,01;0,01;;;;;
05/08/2014;0,01;-0,01;0,01;;;;;
06/08/2014;0,00;0,01;0,00;;;;;
07/08/2014;0,00;-0,01;0,00;;;;;
08/08/2014;0,01;-0,01;0,01;;;;;
11/08/2014;-0,01;0,02;-0,03;;;;;
12/08/2014;0,00;0,00;-0,01;;;;;
13/08/2014;0,00;-0,02;-0,05;;;;;
14/08/2014;0,00;0,00;-0,01;;;;;
15/08/2014;0,00;0,02;0,02;;;;;
18/08/2014;0,00;0,01;0,02;;;;;
19/08/2014;0,00;0,02;0,02;;;;;
20/08/2014;0,00;0,01;0,03;;;;;
21/08/2014;0,00;0,00;0,03;;;;;
22/08/2014;0,01;-0,01;0,02;;;;;
25/08/2014;0,00;0,02;0,00;;;;;
26/08/2014;0,00;0,00;0,02;;;;;
27/08/2014;-0,01;0,02;0,02;;;;;
28/08/2014;0,00;-0,01;-0,01;;;;;
29/08/2014;0,00;0,02;0,02;;;;;
01/09/2014;0,00;0,00;0,00;;;;;
02/09/2014;0,01;0,01;0,01;;;;;
03/09/2014;-0,01;0,00;0,01;;;;;
04/09/2014;0,00;-0,02;0,01;;;;;
05/09/2014;0,00;0,00;0,01;;;;;
08/09/2014;0,00;-0,02;0,01;;;;;
09/09/2014;0,01;-0,01;-0,01;;;;;
10/09/2014;0,01;-0,01;-0,02;;;;;
11/09/2014;0,00;0,00;0,02;;;;;
12/09/2014;0,02;-0,02;-0,03;;;;;
15/09/2014;0,01;0,02;0,00;;;;;
16/09/2014;0,00;0,02;0,00;;;;;
17/09/2014;0,00;0,00;-0,01;;;;;
18/09/2014;0,01;-0,01;-0,02;;;;;
19/09/2014;0,00;-0,01;0,00;;;;;
22/09/2014;0,01;-0,02;-0,01;;;;;
23/09/2014;0,01;0,00;0,01;;;;;
24/09/2014;0,00;0,01;0,00;;;;;
25/09/2014;0,00;-0,02;-0,02;;;;;
26/09/2014;0,01;0,02;0,02;;;;;
29/09/2014;0,01;-0,05;-0,01;;;;;
30/09/2014;0,00;-0,01;-0,01;;;;;
01/10/2014;0,00;-0,02;0,00;;;;;
02/10/2014;0,01;0,01;-0,02;;;;;
03/10/2014;0,01;0,02;0,02;;;;;
06/10/2014;-0,03;0,05;0,02;;;;;
07/10/2014;0,00;0,01;0,02;;;;;
08/10/2014;0,00;-0,01;0,00;;;;;
09/10/2014;-0,01;0,00;0,01;;;;;
10/10/2014;0,01;-0,03;-0,02;;;;;
13/10/2014;-0,01;0,05;0,00;;;;;
14/10/2014;0,00;0,00;0,01;;;;;
15/10/2014;0,01;-0,03;-0,02;;;;;
16/10/2014;0,02;-0,03;0,00;;;;;
17/10/2014;-0,01;0,03;0,00;;;;;
20/10/2014;0,00;-0,03;-0,01;;;;;
21/10/2014;0,01;-0,03;-0,01;;;;;
22/10/2014;0,00;0,00;-0,04;;;;;
23/10/2014;0,01;-0,03;-0,02;;;;;
24/10/2014;-0,01;0,02;0,02;;;;;
27/10/2014;0,02;-0,03;-0,01;;;;;
28/10/2014;-0,02;0,04;-0,01;;;;;
29/10/2014;-0,02;-0,02;-0,05;;;;;
30/10/2014;-0,01;0,03;0,06;;;;;
31/10/2014;0,01;0,04;0,00;;;;;
03/11/2014;0,02;-0,01;0,00;;;;;
04/11/2014;0,01;0,01;0,02;;;;;
05/11/2014;0,00;-0,01;0,00;;;;;
06/11/2014;0,01;-0,02;-0,03;;;;;
07/11/2014;0,02;0,01;0,02;;;;;
10/11/2014;-0,01;-0,01;-0,01;;;;;
11/11/2014;0,01;0,00;-0,03;;;;;
12/11/2014;0,00;0,01;0,03;;;;;
13/11/2014;0,01;-0,02;-0,03;;;;;
14/11/2014;0,02;0,00;-0,02;;;;;
17/11/2014;0,00;-0,01;0,00;;;;;
18/11/2014;0,00;0,02;0,02;;;;;
19/11/2014;0,00;0,03;-0,01;;;;;
21/11/2014;-0,02;0,05;0,07;;;;;
24/11/2014;0,00;-0,01;0,01;;;;;
25/11/2014;0,00;0,00;-0,01;;;;;
26/11/2014;-0,01;-0,01;0,00;;;;;
27/11/2014;0,00;-0,01;-0,01;;;;;
28/11/2014;0,02;0,00;0,01;;;;;
01/12/2014;0,00;-0,04;-0,02;;;;;
02/12/2014;0,00;-0,01;-0,01;;;;;
03/12/2014;0,00;0,01;0,00;;;;;
04/12/2014;0,01;-0,02;0,02;;;;;
05/12/2014;0,00;0,01;0,03;;;;;
08/12/2014;0,00;-0,03;0,02;;;;;
09/12/2014;0,00;0,00;-0,04;;;;;
10/12/2014;0,00;-0,01;-0,03;;;;;
11/12/2014;0,01;0,01;0,03;;;;;
12/12/2014;0,01;-0,04;-0,02;;;;;
15/12/2014;0,01;-0,02;-0,03;;;;;
16/12/2014;0,03;0,00;0,00;;;;;
17/12/2014;-0,01;0,04;-0,01;;;;;
18/12/2014;-0,02;0,00;0,03;;;;;
19/12/2014;-0,01;0,02;0,03;;;;;
22/12/2014;0,00;0,01;0,01;;;;;
23/12/2014;0,01;0,02;-0,01;;;;;
26/12/2014;0,00;-0,01;0,00;;;;;
29/12/2014;0,00;0,01;0,00;;;;;
30/12/2014;-0,01;-0,01;0,01;;;;;
02/01/2015;0,01;-0,03;-0,02;;;;;
05/01/2015;0,01;-0,02;-0,01;;;;;
06/01/2015;0,00;0,01;-0,01;;;;;
07/01/2015;-0,01;0,03;-0,01;;;;;
08/01/2015;0,00;0,01;-0,04;;;;;
09/01/2015;-0,01;-0,02;-0,01;;;;;
12/01/2015;0,00;-0,01;-0,04;;;;;
13/01/2015;0,00;0,00;0,03;;;;;
14/01/2015;-0,01;-0,01;-0,01;;;;;
15/01/2015;0,00;0,01;0,02;;;;;
16/01/2015;0,00;0,02;0,01;;;;;
19/01/2015;0,00;-0,03;0,01;;;;;
20/01/2015;0,00;0,00;-0,02;;;;;
21/01/2015;-0,01;0,03;0,01;;;;;
22/01/2015;-0,01;0,00;0,01;;;;;
23/01/2015;0,00;-0,01;0,00;;;;;
26/01/2015;0,00;0,00;-0,03;;;;;
27/01/2015;-0,01;0,00;-0,02;;;;;
28/01/2015;0,00;-0,02;-0,04;;;;;
29/01/2015;0,01;0,00;0,00;;;;;
30/01/2015;0,03;-0,02;-0,04;;;;;
02/02/2015;0,01;0,02;0,01;;;;;
03/02/2015;0,01;0,03;0,07;;;;;
04/02/2015;0,00;0,01;-0,02;;;;;
05/02/2015;0,01;0,00;0,03;;;;;
06/02/2015;0,01;-0,01;0,05;;;;;
09/02/2015;0,01;0,01;0,02;;;;;
10/02/2015;0,01;-0,02;-0,01;;;;;
11/02/2015;0,02;-0,01;0,00;;;;;
12/02/2015;0,00;0,03;0,00;;;;;
13/02/2015;-0,01;0,02;0,02;;;;;
18/02/2015;0,00;0,01;-0,02;;;;;
19/02/2015;0,00;0,00;0,00;;;;;
20/02/2015;0,01;0,00;0,00;;;;;
23/02/2015;0,00;0,00;-0,02;;;;;
24/02/2015;-0,01;0,01;0,00;;;;;
25/02/2015;0,00;0,00;0,01;;;;;
26/02/2015;0,00;0,00;-0,01;;;;;
27/02/2015;0,00;0,00;0,00;;;;;
02/03/2015;0,00;-0,01;-0,01;;;;;
03/03/2015;0,01;0,01;0,00;;;;;
04/03/2015;0,03;-0,02;0,01;;;;;
05/03/2015;0,00;0,00;0,00;;;;;
06/03/2015;0,01;-0,01;-0,01;;;;;
09/03/2015;0,02;-0,02;-0,03;;;;;
10/03/2015;0,01;-0,02;0,02;;;;;
11/03/2015;0,00;0,01;0,00;;;;;
12/03/2015;0,00;0,00;0,01;;;;;
13/03/2015;0,04;-0,01;-0,02;;;;;
16/03/2015;0,00;0,01;-0,02;;;;;
17/03/2015;0,01;0,03;0,00;;;;;
18/03/2015;-0,01;0,02;0,03;;;;;
19/03/2015;0,00;-0,01;0,02;;;;;
20/03/2015;-0,01;0,02;-0,01;;;;;
23/03/2015;-0,02;0,00;-0,01;;;;;
24/03/2015;-0,02;-0,01;-0,02;;;;;
25/03/2015;0,01;0,01;0,05;;;;;
26/03/2015;0,01;-0,02;-0,01;;;;;
27/03/2015;0,01;-0,01;0,00;;;;;
30/03/2015;0,01;0,02;-0,04;;;;;
31/03/2015;-0,02;0,00;0,04;;;;;
01/04/2015;-0,02;0,02;0,00;;;;;
02/04/2015;0,00;0,02;0,01;;;;;
06/04/2015;-0,02;0,01;0,04;;;;;
07/04/2015;0,01;0,00;-0,01;;;;;
08/04/2015;-0,01;0,00;0,06;;;;;
09/04/2015;-0,01;0,00;0,04;;;;;
10/04/2015;0,01;0,01;-0,02;;;;;
13/04/2015;0,01;0,00;0,02;;;;;
14/04/2015;0,00;0,00;0,01;;;;;
15/04/2015;-0,01;0,02;0,00;;;;;
16/04/2015;-0,01;0,00;-0,03;;;;;
17/04/2015;0,01;-0,01;0,00;;;;;
20/04/2015;0,00;0,00;0,04;;;;;
22/04/2015;-0,01;0,02;0,05;;;;;
23/04/2015;0,00;0,02;0,02;;;;;
24/04/2015;-0,01;0,02;0,05;;;;;
27/04/2015;-0,02;-0,02;-0,01;;;;;
28/04/2015;-0,01;0,00;-0,02;;;;;
29/04/2015;0,01;-0,01;-0,03;;;;;
30/04/2015;0,02;0,02;0,00;;;;;
04/05/2015;0,03;0,02;0,01;;;;;
05/05/2015;0,00;0,01;-0,01;;;;;
06/05/2015;-0,01;-0,02;0,00;;;;;
07/05/2015;0,00;0,00;0,00;;;;;
08/05/2015;-0,01;0,00;0,00;;;;;
11/05/2015;0,01;0,00;-0,02;;;;;
12/05/2015;0,01;-0,01;0,00;;;;;
13/05/2015;-0,01;-0,01;0,00;;;;;
14/05/2015;0,00;0,01;0,04;;;;;
15/05/2015;0,00;0,01;0,05;;;;;
18/05/2015;0,01;-0,02;0,02;;;;;
19/05/2015;0,00;-0,01;0,00;;;;;
20/05/2015;0,00;-0,01;0,00;;;;;
21/05/2015;0,00;0,00;0,02;;;;;
22/05/2015;0,01;-0,01;0,01;;;;;
25/05/2015;0,02;0,00;-0,01;;;;;
26/05/2015;0,00;-0,02;-0,01;;;;;
27/05/2015;0,01;0,01;-0,02;;;;;
28/05/2015;0,00;0,00;0,03;;;;;
29/05/2015;0,00;-0,02;0,02;;;;;
01/06/2015;0,00;0,01;-0,02;;;;;
02/06/2015;-0,01;0,02;0,02;;;;;
03/06/2015;-0,01;-0,01;0,01;;;;;
05/06/2015;0,02;-0,01;-0,01;;;;;
08/06/2015;-0,02;0,00;-0,03;;;;;
09/06/2015;-0,01;0,00;-0,02;;;;;
10/06/2015;0,00;0,02;0,01;;;;;
11/06/2015;0,02;0,00;0,00;;;;;
12/06/2015;-0,01;-0,01;-0,02;;;;;
15/06/2015;0,00;0,00;-0,01;;;;;
16/06/2015;0,00;0,01;0,00;;;;;
17/06/2015;0,00;-0,01;-0,01;;;;;
18/06/2015;-0,02;0,02;0,02;;;;;
19/06/2015;0,01;-0,01;0,01;;;;;
22/06/2015;0,00;0,00;-0,01;;;;;
23/06/2015;0,01;0,00;-0,01;;;;;
24/06/2015;-0,01;0,00;0,00;;;;;
25/06/2015;0,01;-0,01;-0,02;;;;;
26/06/2015;0,01;0,02;0,03;;;;;
29/06/2015;0,00;-0,02;-0,01;;;;;
30/06/2015;-0,01;0,00;0,04;;;;;
01/07/2015;0,01;-0,01;-0,01;;;;;
02/07/2015;0,00;0,01;-0,01;;;;;
03/07/2015;0,00;-0,01;0,04;;;;;
06/07/2015;0,01;-0,01;-0,02;;;;;
07/07/2015;0,01;0,00;-0,01;;;;;
08/07/2015;0,01;-0,01;-0,01;;;;;
10/07/2015;-0,01;0,02;0,02;;;;;
13/07/2015;-0,01;0,01;0,02;;;;;
14/07/2015;-0,01;0,00;0,04;;;;;
15/07/2015;0,01;-0,01;0,00;;;;;
16/07/2015;0,00;0,00;0,01;;;;;
17/07/2015;0,01;-0,01;-0,01;;;;;
20/07/2015;0,01;-0,01;0,00;;;;;
21/07/2015;-0,01;0,00;0,00;;;;;
22/07/2015;0,01;-0,01;-0,03;;;;;
23/07/2015;0,02;-0,02;-0,02;;;;;
24/07/2015;0,01;-0,01;-0,01;;;;;
27/07/2015;0,01;-0,01;-0,01;;;;;
28/07/2015;0,01;0,02;-0,02;;;;;
29/07/2015;-0,01;0,01;0,02;;;;;
30/07/2015;0,01;-0,01;-0,03;;;;;
31/07/2015;0,01;0,02;0,04;;;;;
03/08/2015;0,01;-0,01;-0,03;;;;;
04/08/2015;0,01;0,00;0,00;;;;;
05/08/2015;0,01;0,00;0,02;;;;;
06/08/2015;0,01;-0,01;-0,02;;;;;
07/08/2015;0,00;-0,03;0,01;;;;;
10/08/2015;-0,01;0,02;0,00;;;;;
11/08/2015;0,00;-0,01;-0,02;;;;;
12/08/2015;0,00;-0,01;0,00;;;;;
13/08/2015;0,01;-0,01;-0,01;;;;;
14/08/2015;-0,01;-0,01;-0,01;;;;;
17/08/2015;0,00;-0,01;-0,01;;;;;
18/08/2015;0,00;0,00;-0,01;;;;;
19/08/2015;0,00;-0,02;0,00;;;;;
20/08/2015;0,00;0,00;-0,02;;;;;
21/08/2015;0,00;-0,02;0,00;;;;;
24/08/2015;0,02;-0,03;0,01;;;;;
25/08/2015;0,00;0,00;-0,02;;;;;
26/08/2015;0,03;0,03;0,03;;;;;
27/08/2015;-0,02;0,04;-0,02;;;;;
28/08/2015;0,01;-0,01;0,00;;;;;
31/08/2015;0,02;-0,01;-0,01;;;;;
01/09/2015;0,01;-0,02;-0,02;;;;;
02/09/2015;0,02;0,02;-0,03;;;;;
03/09/2015;0,01;0,02;0,03;;;;;
04/09/2015;0,01;-0,02;0,02;;;;;
08/09/2015;0,00;0,01;0,02;;;;;
09/09/2015;0,00;0,00;-0,01;;;;;
10/09/2015;0,02;0,00;-0,04;;;;;
11/09/2015;0,00;0,00;-0,02;;;;;
14/09/2015;0,00;0,02;-0,01;;;;;
15/09/2015;0,00;0,00;0,00;;;;;
16/09/2015;-0,01;0,03;0,02;;;;;
17/09/2015;0,01;0,00;0,01;;;;;
18/09/2015;0,00;-0,03;0,02;;;;;
21/09/2015;0,02;-0,01;-0,04;;;;;
22/09/2015;0,02;-0,01;-0,04;;;;;
23/09/2015;0,02;-0,02;-0,04;;;;;
24/09/2015;0,02;0,00;-0,02;;;;;
25/09/2015;-0,06;-0,01;-0,01;;;;;
28/09/2015;0,02;-0,02;-0,02;;;;;
29/09/2015;0,03;0,00;-0,02;;;;;
30/09/2015;-0,04;0,02;0,04;;;;;
01/10/2015;0,00;0,01;0,00;;;;;
02/10/2015;0,01;0,04;-0,01;;;;;
05/10/2015;-0,02;0,01;-0,01;;;;;
06/10/2015;-0,01;0,00;0,02;;;;;
07/10/2015;-0,01;0,02;0,00;;;;;
08/10/2015;0,01;0,00;0,02;;;;;
09/10/2015;-0,03;0,00;0,05;;;;;
13/10/2015;0,02;-0,04;-0,03;;;;;
14/10/2015;0,01;-0,01;0,00;;;;;
15/10/2015;0,00;0,01;0,00;;;;;
16/10/2015;0,00;0,00;0,03;;;;;
19/10/2015;0,02;0,00;0,02;;;;;
20/10/2015;-0,01;-0,01;0,05;;;;;
21/10/2015;0,02;0,00;-0,04;;;;;
22/10/2015;0,00;0,02;0,01;;;;;
23/10/2015;-0,01;0,00;0,00;;;;;
26/10/2015;-0,01;-0,01;-0,07;;;;;
27/10/2015;0,01;0,00;-0,02;;;;;
28/10/2015;-0,01;-0,01;0,04;;;;;
29/10/2015;0,01;-0,02;-0,01;;;;;
30/10/2015;-0,02;0,01;0,01;;;;;
03/11/2015;-0,01;0,05;0,03;;;;;
04/11/2015;-0,01;-0,01;0,01;;;;;
05/11/2015;0,01;0,01;0,01;;;;;
06/11/2015;0,00;-0,02;-0,03;;;;;
09/11/2015;0,00;-0,02;0,00;;;;;
10/11/2015;0,00;0,00;0,00;;;;;
11/11/2015;-0,02;0,02;0,01;;;;;
12/11/2015;0,02;0,00;-0,01;;;;;
13/11/2015;0,00;-0,01;-0,02;;;;;
16/11/2015;0,01;0,01;0,00;;;;;
17/11/2015;-0,01;0,01;0,00;;;;;
18/11/2015;0,00;0,00;0,00;;;;;
19/11/2015;-0,01;0,01;-0,01;;;;;
23/11/2015;-0,01;0,00;0,01;;;;;
24/11/2015;0,00;0,00;-0,02;;;;;
25/11/2015;0,02;-0,03;0,00;;;;;
26/11/2015;0,00;0,01;0,05;;;;;
27/11/2015;-0,01;-0,03;-0,04;;;;;
30/11/2015;0,03;-0,02;-0,03;;;;;
01/12/2015;0,01;0,00;0,01;;;;;
02/12/2015;-0,01;0,00;-0,01;;;;;
03/12/2015;-0,01;0,03;-0,01;;;;;
04/12/2015;-0,01;-0,02;-0,01;;;;;
07/12/2015;0,00;0,00;0,00;;;;;
08/12/2015;0,01;-0,02;-0,02;;;;;
09/12/2015;-0,01;0,04;-0,01;;;;;
10/12/2015;0,00;-0,01;0,02;;;;;
11/12/2015;0,02;-0,01;0,01;;;;;
14/12/2015;0,01;-0,01;-0,02;;;;;
15/12/2015;-0,01;0,00;0,00;;;;;
16/12/2015;0,02;0,00;0,00;;;;;
17/12/2015;-0,01;0,01;0,03;;;;;
18/12/2015;0,00;-0,03;-0,04;;;;;
21/12/2015;0,02;-0,02;-0,03;;;;;
22/12/2015;0,00;0,01;-0,01;;;;;
23/12/2015;0,00;0,01;0,01;;;;;
28/12/2015;-0,01;-0,01;0,00;;;;;
29/12/2015;-0,02;0,00;0,05;;;;;
30/12/2015;0,01;-0,01;0,03;;;;;
04/01/2016;0,03;-0,03;-0,07;;;;;
05/01/2016;-0,01;0,01;0,00;;;;;
06/01/2016;0,00;-0,02;-0,03;;;;;
07/01/2016;0,00;-0,03;0,00;;;;;
08/01/2016;-0,01;0,00;0,00;;;;;
11/01/2016;0,00;-0,02;0,02;;;;;
12/01/2016;0,00;-0,01;0,01;;;;;
13/01/2016;-0,01;-0,01;-0,02;;;;;
14/01/2016;0,01;0,01;0,02;;;;;
15/01/2016;0,00;-0,02;-0,02;;;;;
18/01/2016;0,00;-0,02;0,01;;;;;
19/01/2016;0,00;0,00;0,00;;;;;
20/01/2016;0,01;-0,01;0,00;;;;;
21/01/2016;0,02;0,00;0,01;;;;;
22/01/2016;-0,01;0,01;0,03;;;;;
26/01/2016;-0,01;-0,01;-0,05;;;;;
27/01/2016;-0,01;0,02;0,06;;;;;
28/01/2016;0,01;0,01;-0,02;;;;;
29/01/2016;-0,01;0,05;-0,02;;;;;
01/02/2016;-0,01;0,00;0,00;;;;;
02/02/2016;0,00;-0,05;0,00;;;;;
03/02/2016;-0,01;0,03;-0,02;;;;;
04/02/2016;-0,02;0,03;0,02;;;;;
05/02/2016;0,01;-0,01;-0,04;;;;;
10/02/2016;0,01;-0,01;-0,06;;;;;
11/02/2016;0,01;-0,03;-0,05;;;;;
12/02/2016;0,01;0,01;0,04;;;;;
15/02/2016;0,00;0,01;-0,01;;;;;
16/02/2016;0,01;0,02;0,01;;;;;
17/02/2016;0,00;0,02;-0,01;;;;;
18/02/2016;-0,01;0,00;0,08;;;;;
19/02/2016;0,01;0,00;0,01;;;;;
22/02/2016;-0,02;0,04;0,00;;;;;
23/02/2016;0,00;-0,02;0,00;;;;;
24/02/2016;0,01;-0,01;0,00;;;;;
25/02/2016;-0,01;0,00;0,00;;;;;
26/02/2016;0,00;-0,01;0,07;;;;;
29/02/2016;0,01;0,03;0,03;;;;;
01/03/2016;0,00;0,03;0,02;;;;;
02/03/2016;-0,02;0,02;0,04;;;;;
03/03/2016;-0,02;0,05;0,02;;;;;
04/03/2016;-0,03;0,04;0,07;;;;;
07/03/2016;0,01;0,00;-0,01;;;;;
08/03/2016;0,00;0,00;-0,01;;;;;
09/03/2016;-0,02;-0,01;0,02;;;;;
10/03/2016;-0,01;0,02;0,05;;;;;
11/03/2016;-0,01;0,00;0,03;;;;;
14/03/2016;0,00;-0,02;-0,01;;;;;
15/03/2016;0,02;-0,04;-0,07;;;;;
16/03/2016;0,03;0,01;0,01;;;;;
17/03/2016;-0,04;0,07;0,07;;;;;
18/03/2016;-0,01;0,00;0,05;;;;;
21/03/2016;0,00;0,01;-0,01;;;;;
22/03/2016;0,00;0,00;-0,02;;;;;
23/03/2016;0,01;-0,03;-0,02;;;;;
24/03/2016;0,01;0,00;-0,02;;;;;
28/03/2016;-0,01;0,02;0,04;;;;;
29/03/2016;0,01;0,01;0,03;;;;;
30/03/2016;-0,02;0,00;-0,01;;;;;
31/03/2016;-0,01;-0,02;-0,02;;;;;
01/04/2016;0,01;0,01;0,02;;;;;
04/04/2016;0,00;-0,04;0,00;;;;;
05/04/2016;0,02;0,01;0,02;;;;;
06/04/2016;0,00;-0,02;0,00;;;;;
07/04/2016;0,00;0,01;0,04;;;;;
08/04/2016;-0,01;0,04;0,04;;;;;
11/04/2016;-0,03;0,00;0,03;;;;;
12/04/2016;0,00;0,04;0,02;;;;;
13/04/2016;0,00;0,02;-0,03;;;;;
14/04/2016;-0,01;-0,01;-0,03;;;;;
15/04/2016;0,00;0,02;0,03;;;;;
18/04/2016;0,02;-0,01;0,02;;;;;
19/04/2016;-0,01;0,02;0,01;;;;;
20/04/2016;0,00;0,00;-0,01;;;;;
22/04/2016;0,01;-0,01;0,00;;;;;
25/04/2016;-0,01;-0,02;-0,01;;;;;
26/04/2016;0,00;0,02;0,01;;;;;
27/04/2016;0,00;0,03;-0,02;;;;;
28/04/2016;-0,01;0,00;-0,01;;;;;
29/04/2016;-0,01;-0,01;0,01;;;;;
02/05/2016;0,01;-0,01;0,00;;;;;
03/05/2016;0,02;-0,02;-0,03;;;;;
04/05/2016;0,00;0,01;-0,01;;;;;
05/05/2016;0,00;-0,02;-0,02;;;;;
06/05/2016;0,00;0,00;0,02;;;;;
09/05/2016;0,00;-0,01;0,00;;;;;
10/05/2016;-0,02;0,04;0,04;;;;;
11/05/2016;0,00;-0,01;0,00;;;;;
12/05/2016;0,01;0,01;0,04;;;;;
13/05/2016;0,00;-0,03;-0,01;;;;;
16/05/2016;0,00;0,00;0,02;;;;;
17/05/2016;0,00;-0,02;-0,01;;;;;
18/05/2016;0,01;-0,01;0,00;;;;;
19/05/2016;0,02;-0,01;-0,02;;;;;
20/05/2016;-0,02;-0,01;0,00;;;;;
23/05/2016;0,01;-0,01;0,00;;;;;
24/05/2016;0,00;0,00;0,01;;;;;
25/05/2016;0,01;0,00;0,02;;;;;
27/05/2016;0,01;-0,01;0,03;;;;;
30/05/2016;0,00;0,00;-0,01;;;;;
31/05/2016;0,00;-0,01;0,03;;;;;
01/06/2016;0,00;0,01;-0,02;;;;;
02/06/2016;0,00;0,02;-0,02;;;;;
03/06/2016;-0,02;0,01;0,02;;;;;
06/06/2016;-0,01;0,00;-0,02;;;;;
07/06/2016;-0,01;0,00;0,02;;;;;
08/06/2016;-0,02;0,02;0,01;;;;;
09/06/2016;0,00;-0,01;0,00;;;;;
10/06/2016;0,01;-0,03;-0,01;;;;;
13/06/2016;0,01;0,00;-0,01;;;;;
14/06/2016;0,01;-0,02;-0,02;;;;;
15/06/2016;0,00;0,01;0,04;;;;;
16/06/2016;0,00;0,01;0,00;;;;;
17/06/2016;-0,02;0,00;0,00;;;;;
20/06/2016;-0,02;0,02;0,00;;;;;
21/06/2016;0,00;0,01;0,00;;;;;
22/06/2016;0,00;-0,01;0,02;;;;;
23/06/2016;-0,01;0,03;0,01;;;;;
24/06/2016;0,01;-0,03;-0,03;;;;;
27/06/2016;0,00;-0,02;0,00;;;;;
28/06/2016;-0,02;0,02;0,02;;;;;
29/06/2016;-0,03;0,02;0,05;;;;;
30/06/2016;-0,01;0,01;0,02;;;;;
01/07/2016;0,01;0,01;-0,01;;;;;
04/07/2016;0,01;0,01;0,02;;;;;
05/07/2016;0,01;-0,01;0,00;;;;;
06/07/2016;0,01;0,00;0,00;;;;;
07/07/2016;0,00;0,00;0,04;;;;;
08/07/2016;-0,01;0,02;0,00;;;;;
11/07/2016;0,00;0,02;0,01;;;;;
12/07/2016;-0,01;0,01;0,00;;;;;
13/07/2016;0,00;0,01;0,02;;;;;
14/07/2016;-0,02;0,02;0,04;;;;;
15/07/2016;0,01;0,00;-0,02;;;;;
18/07/2016;0,00;0,02;0,03;;;;;
19/07/2016;0,01;0,00;0,00;;;;;
20/07/2016;-0,01;0,00;-0,02;;;;;
21/07/2016;0,00;0,00;0,01;;;;;
22/07/2016;0,01;0,01;0,01;;;;;
25/07/2016;0,00;0,00;-0,02;;;;;
26/07/2016;0,00;0,00;0,03;;;;;
27/07/2016;0,00;0,00;-0,03;;;;;
28/07/2016;0,00;0,00;-0,14;;;;;
29/07/2016;-0,01;0,01;0,01;;;;;
01/08/2016;0,01;-0,01;0,01;;;;;
02/08/2016;-0,01;-0,01;-0,01;;;;;
03/08/2016;0,01;0,02;0,00;;;;;
04/08/2016;-0,02;0,01;0,03;;;;;
05/08/2016;-0,01;0,00;0,02;;;;;
08/08/2016;0,00;0,00;-0,04;;;;;
09/08/2016;-0,01;0,00;-0,02;;;;;
10/08/2016;-0,01;-0,01;0,00;;;;;
11/08/2016;0,00;0,02;0,06;;;;;
12/08/2016;0,01;0,00;0,02;;;;;
15/08/2016;0,00;0,01;-0,01;;;;;
16/08/2016;0,00;0,00;-0,03;;;;;
17/08/2016;0,02;0,01;0,02;;;;;
18/08/2016;0,00;0,00;-0,02;;;;;
19/08/2016;0,00;0,00;0,01;;;;;
22/08/2016;0,00;-0,02;-0,02;;;;;
23/08/2016;0,00;0,00;0,01;;;;;
24/08/2016;0,01;-0,01;-0,03;;;;;
25/08/2016;0,00;0,00;0,00;;;;;
26/08/2016;-0,01;0,00;0,01;;;;;
29/08/2016;0,01;0,02;0,01;;;;;
30/08/2016;0,00;0,00;0,02;;;;;
31/08/2016;0,00;-0,01;-0,01;;;;;
01/09/2016;0,00;0,01;0,00;;;;;
02/09/2016;0,00;0,02;0,02;;;;;
05/09/2016;0,01;0,00;0,01;;;;;
06/09/2016;-0,01;0,01;0,03;;;;;
08/09/2016;-0,02;0,00;0,01;;;;;
09/09/2016;0,02;-0,04;-0,02;;;;;
12/09/2016;0,01;0,01;0,01;;;;;
13/09/2016;0,00;-0,03;-0,02;;;;;
14/09/2016;0,01;0,00;0,00;;;;;
15/09/2016;0,00;0,01;0,02;;;;;
16/09/2016;-0,01;-0,01;-0,01;;;;;
19/09/2016;-0,01;0,00;0,00;;;;;
20/09/2016;0,00;0,01;0,01;;;;;
21/09/2016;0,00;0,01;0,02;;;;;
22/09/2016;-0,01;0,01;0,02;;;;;
23/09/2016;0,01;-0,01;-0,02;;;;;
26/09/2016;0,00;-0,01;-0,01;;;;;
27/09/2016;0,00;0,01;0,01;;;;;
28/09/2016;0,00;0,02;0,01;;;;;
29/09/2016;-0,01;-0,02;0,01;;;;;
30/09/2016;0,01;0,00;-0,01;;;;;
03/10/2016;0,00;0,02;0,03;;;;;
04/10/2016;0,00;0,00;-0,01;;;;;
05/10/2016;0,00;0,02;0,01;;;;;
06/10/2016;0,00;0,01;0,00;;;;;
07/10/2016;-0,01;0,01;0,00;;;;;
10/10/2016;0,00;0,01;0,00;;;;;
11/10/2016;0,00;-0,01;-0,02;;;;;
13/10/2016;0,00;0,00;-0,01;;;;;
14/10/2016;-0,01;0,01;0,00;;;;;
17/10/2016;0,00;0,02;0,00;;;;;
18/10/2016;0,00;0,02;0,02;;;;;
19/10/2016;0,00;0,00;-0,02;;;;;
20/10/2016;-0,01;0,01;-0,02;;;;;
21/10/2016;0,00;0,00;0,01;;;;;
24/10/2016;-0,01;0,00;-0,01;;;;;
25/10/2016;0,00;0,00;0,00;;;;;
26/10/2016;0,00;0,00;0,00;;;;;
27/10/2016;0,01;0,01;0,01;;;;;
28/10/2016;0,01;0,00;0,01;;;;;
31/10/2016;0,00;0,01;0,01;;;;;
01/11/2016;0,01;-0,02;-0,02;;;;;
03/11/2016;0,01;-0,02;-0,01;;;;;
04/11/2016;0,00;0,00;0,02;;;;;
07/11/2016;-0,01;0,04;0,03;;;;;
08/11/2016;0,00;0,00;0,03;;;;;
09/11/2016;0,01;-0,01;-0,01;;;;;
10/11/2016;0,03;-0,03;-0,04;;;;;
11/11/2016;0,04;-0,03;-0,03;;;;;
14/11/2016;0,00;0,01;-0,01;;;;;
16/11/2016;-0,01;0,02;0,01;;;;;
17/11/2016;0,00;-0,02;0,01;;;;;
18/11/2016;0,00;0,00;-0,01;;;;;
21/11/2016;-0,01;0,02;0,02;;;;;
22/11/2016;0,00;0,01;-0,02;;;;;
23/11/2016;0,01;0,00;-0,02;;;;;
24/11/2016;0,00;-0,01;0,01;;;;;
25/11/2016;0,01;0,00;0,01;;;;;
28/11/2016;-0,01;0,02;0,00;;;;;
29/11/2016;0,00;-0,03;0,00;;;;;
30/11/2016;0,00;0,02;0,01;;;;;
01/12/2016;0,01;-0,04;-0,05;;;;;
02/12/2016;0,01;0,01;-0,01;;;;;
05/12/2016;0,00;-0,01;0,01;;;;;
06/12/2016;-0,01;0,02;0,02;;;;;
07/12/2016;-0,01;0,01;0,00;;;;;
08/12/2016;0,00;-0,01;0,01;;;;;
09/12/2016;0,00;0,00;-0,01;;;;;
12/12/2016;0,00;-0,02;-0,01;;;;;
13/12/2016;-0,01;0,00;0,00;;;;;
14/12/2016;-0,01;-0,02;0,02;;;;;
15/12/2016;0,02;0,00;-0,02;;;;;
16/12/2016;0,00;0,00;0,03;;;;;
19/12/2016;0,00;-0,02;-0,03;;;;;
20/12/2016;-0,01;0,01;-0,02;;;;;
21/12/2016;-0,01;0,00;0,00;;;;;
22/12/2016;0,00;-0,01;-0,01;;;;;
23/12/2016;-0,02;0,01;0,01;;;;;
26/12/2016;0,00;0,01;0,00;;;;;
27/12/2016;0,00;0,00;0,02;;;;;
28/12/2016;0,00;0,02;0,01;;;;;
29/12/2016;-0,01;0,01;0,02;;;;;
02/01/2017;0,00;-0,01;-0,03;;;;;
03/01/2017;0,00;0,04;0,03;;;;;
04/01/2017;-0,01;0,00;0,03;;;;;
05/01/2017;-0,01;0,01;0,03;;;;;
06/01/2017;0,00;-0,01;-0,01;;;;;
09/01/2017;0,00;0,00;0,01;;;;;
10/01/2017;-0,01;0,01;0,00;;;;;
11/01/2017;0,01;0,01;0,01;;;;;
12/01/2017;-0,02;0,02;0,01;;;;;
13/01/2017;0,01;0,00;0,04;;;;;
16/01/2017;0,01;0,00;-0,02;;;;;
17/01/2017;0,00;0,01;-0,01;;;;;
18/01/2017;0,00;0,00;0,00;;;;;
19/01/2017;0,00;0,00;-0,03;;;;;
20/01/2017;-0,01;0,01;0,04;;;;;
23/01/2017;-0,01;0,02;0,00;;;;;
24/01/2017;0,00;0,00;0,01;;;;;
26/01/2017;0,00;0,01;0,01;;;;;
27/01/2017;-0,01;0,00;-0,02;;;;;
30/01/2017;-0,01;-0,03;0,00;;;;;
31/01/2017;0,00;0,01;0,00;;;;;
01/02/2017;0,01;0,00;0,00;;;;;
02/02/2017;-0,01;0,00;0,00;;;;;
03/02/2017;0,00;0,01;0,02;;;;;
06/02/2017;0,00;-0,01;-0,02;;;;;
07/02/2017;0,00;0,00;0,02;;;;;
08/02/2017;0,00;0,01;0,00;;;;;
09/02/2017;0,00;0,00;0,02;;;;;
10/02/2017;0,00;0,02;0,00;;;;;
13/02/2017;0,00;0,01;0,02;;;;;
14/02/2017;-0,01;0,00;-0,01;;;;;
15/02/2017;-0,01;0,02;0,03;;;;;
16/02/2017;-0,01;0,00;-0,01;;;;;
17/02/2017;0,01;0,00;-0,02;;;;;
20/02/2017;0,00;0,01;0,03;;;;;
21/02/2017;0,00;0,01;0,01;;;;;
22/02/2017;0,00;-0,01;0,01;;;;;
23/02/2017;-0,01;-0,02;0,02;;;;;
24/02/2017;0,01;-0,01;-0,01;;;;;
01/03/2017;0,00;0,00;-0,01;;;;;
02/03/2017;0,01;-0,02;0,01;;;;;
03/03/2017;0,01;0,01;0,01;;;;;
06/03/2017;-0,01;-0,01;0,02;;;;;
07/03/2017;0,00;-0,01;0,00;;;;;
08/03/2017;0,01;-0,02;-0,02;;;;;
09/03/2017;0,01;0,00;0,00;;;;;
10/03/2017;0,00;0,00;0,03;;;;;
13/03/2017;0,00;0,01;0,01;;;;;
14/03/2017;0,00;-0,01;0,00;;;;;
15/03/2017;0,00;0,02;0,01;;;;;
16/03/2017;-0,02;-0,01;0,00;;;;;
17/03/2017;0,00;-0,02;-0,01;;;;;
20/03/2017;-0,01;0,01;-0,01;;;;;
21/03/2017;0,00;-0,03;-0,02;;;;;
22/03/2017;0,01;0,01;-0,01;;;;;
23/03/2017;0,01;0,00;0,03;;;;;
24/03/2017;0,00;0,01;-0,02;;;;;
27/03/2017;0,00;0,01;-0,01;;;;;
28/03/2017;0,00;0,01;0,00;;;;;
29/03/2017;0,00;0,01;0,03;;;;;
30/03/2017;0,00;0,00;-0,02;;;;;
31/03/2017;0,01;0,00;0,00;;;;;
03/04/2017;-0,02;0,00;-0,01;;;;;
04/04/2017;0,00;0,01;0,01;;;;;
05/04/2017;-0,01;-0,02;0,00;;;;;
06/04/2017;0,01;-0,01;0,00;;;;;
07/04/2017;0,00;0,01;0,00;;;;;
10/04/2017;0,00;0,00;-0,02;;;;;
11/04/2017;0,00;0,00;0,01;;;;;
12/04/2017;0,00;-0,01;0,00;;;;;
13/04/2017;-0,01;-0,02;0,02;;;;;
17/04/2017;-0,01;0,02;0,04;;;;;
18/04/2017;0,00;0,00;0,00;;;;;
19/04/2017;0,01;-0,01;0,00;;;;;
20/04/2017;0,01;0,01;0,00;;;;;
24/04/2017;-0,01;0,01;-0,01;;;;;
25/04/2017;0,01;0,01;-0,01;;;;;
26/04/2017;0,01;0,00;0,02;;;;;
27/04/2017;0,00;0,00;0,00;;;;;
28/04/2017;0,01;0,01;0,03;;;;;
02/05/2017;-0,01;0,02;0,00;;;;;
03/05/2017;-0,01;-0,01;0,01;;;;;
04/05/2017;0,01;-0,02;-0,02;;;;;
05/05/2017;0,00;0,01;0,00;;;;;
08/05/2017;0,01;0,00;0,02;;;;;
09/05/2017;0,00;0,01;0,01;;;;;
10/05/2017;-0,01;0,02;0,01;;;;;
11/05/2017;0,00;0,00;-0,02;;;;;
12/05/2017;-0,01;0,01;0,02;;;;;
15/05/2017;-0,01;0,00;-0,02;;;;;
16/05/2017;0,00;0,00;0,04;;;;;
17/05/2017;0,00;-0,02;0,00;;;;;
18/05/2017;0,09;-0,09;-0,09;;;;;
19/05/2017;-0,03;0,02;0,00;;;;;
22/05/2017;0,00;-0,02;-0,05;;;;;
23/05/2017;-0,01;0,02;0,03;;;;;
24/05/2017;0,00;0,01;0,03;;;;;
25/05/2017;0,01;0,00;0,00;;;;;
26/05/2017;-0,01;0,01;0,04;;;;;
29/05/2017;0,00;-0,01;0,00;;;;;
30/05/2017;0,00;0,00;-0,01;;;;;
31/05/2017;-0,01;-0,02;-0,03;;;;;
01/06/2017;0,00;-0,01;-0,01;;;;;
02/06/2017;0,00;0,00;0,03;;;;;
05/06/2017;0,01;0,00;0,01;;;;;
06/06/2017;0,00;0,01;0,01;;;;;
07/06/2017;0,00;0,00;0,02;;;;;
08/06/2017;0,00;-0,01;0,04;;;;;
09/06/2017;0,00;-0,01;0,01;;;;;
12/06/2017;0,01;-0,01;-0,02;;;;;
13/06/2017;0,01;0,00;0,03;;;;;
14/06/2017;-0,01;0,00;0,01;;;;;
16/06/2017;0,00;0,00;0,00;;;;;
19/06/2017;0,00;0,00;0,01;;;;;
20/06/2017;0,01;0,01;0,00;;;;;
21/06/2017;0,00;-0,02;-0,02;;;;;
22/06/2017;0,00;0,00;-0,03;;;;;
23/06/2017;0,00;0,01;0,00;;;;;
26/06/2017;-0,01;0,00;0,00;;;;;
27/06/2017;0,00;0,02;0,02;;;;;
28/06/2017;0,00;-0,01;-0,01;;;;;
29/06/2017;0,00;0,01;-0,02;;;;;
30/06/2017;0,00;0,00;0,00;;;;;
03/07/2017;0,00;0,01;0,01;;;;;
04/07/2017;0,00;0,01;0,01;;;;;
05/07/2017;0,00;0,00;0,00;;;;;
06/07/2017;0,00;0,00;0,01;;;;;
07/07/2017;-0,01;-0,01;0,03;;;;;
10/07/2017;-0,01;0,00;-0,01;;;;;
11/07/2017;0,00;0,01;-0,01;;;;;
12/07/2017;-0,01;0,01;0,00;;;;;
13/07/2017;0,00;0,02;0,01;;;;;
14/07/2017;-0,01;0,01;0,02;;;;;
17/07/2017;0,00;0,00;0,00;;;;;
18/07/2017;0,00;0,00;-0,02;;;;;
19/07/2017;0,00;0,00;0,01;;;;;
20/07/2017;0,00;0,00;0,00;;;;;
21/07/2017;0,00;0,00;0,02;;;;;
24/07/2017;0,01;0,00;0,00;;;;;
25/07/2017;0,00;0,01;0,00;;;;;
26/07/2017;0,00;0,01;0,01;;;;;
27/07/2017;0,00;-0,01;0,00;;;;;
28/07/2017;0,00;0,00;0,01;;;;;
31/07/2017;0,00;0,00;-0,01;;;;;
01/08/2017;0,00;0,01;0,01;;;;;
02/08/2017;0,00;0,01;-0,01;;;;;
03/08/2017;0,00;0,01;0,01;;;;;
04/08/2017;0,00;-0,01;-0,02;;;;;
07/08/2017;0,00;0,00;0,00;;;;;
08/08/2017;0,00;0,02;0,00;;;;;
09/08/2017;0,00;0,00;0,00;;;;;
10/08/2017;0,00;0,00;0,01;;;;;
11/08/2017;0,00;-0,01;-0,01;;;;;
14/08/2017;0,01;0,01;-0,01;;;;;
15/08/2017;0,00;0,01;0,01;;;;;
16/08/2017;-0,01;0,00;-0,01;;;;;
17/08/2017;0,00;0,00;-0,03;;;;;
18/08/2017;0,00;-0,01;0,03;;;;;
21/08/2017;-0,01;0,01;0,00;;;;;
22/08/2017;0,00;0,00;0,02;;;;;
23/08/2017;0,00;0,02;0,00;;;;;
24/08/2017;-0,01;0,01;0,02;;;;;
25/08/2017;0,00;0,01;0,02;;;;;
28/08/2017;0,00;0,00;-0,01;;;;;
29/08/2017;0,00;0,00;0,00;;;;;
30/08/2017;0,00;0,00;0,00;;;;;
31/08/2017;-0,01;-0,01;0,01;;;;;
01/09/2017;0,00;0,00;0,02;;;;;
04/09/2017;0,00;0,02;0,02;;;;;
05/09/2017;-0,01;0,00;-0,02;;;;;
06/09/2017;0,00;0,00;0,01;;;;;
08/09/2017;-0,01;0,02;0,01;;;;;
11/09/2017;0,00;0,00;0,00;;;;;
12/09/2017;0,01;0,00;0,00;;;;;
13/09/2017;0,01;0,02;0,04;;;;;
14/09/2017;0,00;0,00;0,00;;;;;
15/09/2017;0,00;0,00;0,04;;;;;
18/09/2017;0,00;0,00;0,01;;;;;
19/09/2017;0,00;0,01;0,00;;;;;
20/09/2017;0,00;0,00;0,00;;;;;
21/09/2017;0,00;0,00;-0,01;;;;;
22/09/2017;0,00;0,00;0,01;;;;;
25/09/2017;0,00;-0,01;-0,01;;;;;
26/09/2017;0,01;0,00;0,00;;;;;
27/09/2017;0,01;-0,01;-0,03;;;;;
28/09/2017;0,00;0,00;-0,01;;;;;
29/09/2017;-0,01;-0,01;-0,04;;;;;
02/10/2017;0,00;0,00;0,03;;;;;
03/10/2017;0,00;0,01;0,02;;;;;
04/10/2017;-0,01;0,00;-0,01;;;;;
05/10/2017;0,00;0,03;0,02;;;;;
06/10/2017;0,01;0,00;0,02;;;;;
09/10/2017;0,00;0,00;0,00;;;;;
10/10/2017;0,00;-0,01;0,03;;;;;
11/10/2017;0,00;0,00;-0,01;;;;;
13/10/2017;0,00;0,02;0,01;;;;;
16/10/2017;0,00;0,00;0,01;;;;;
17/10/2017;0,01;0,00;0,00;;;;;
18/10/2017;0,00;0,00;0,01;;;;;
19/10/2017;0,00;0,00;-0,02;;;;;
20/10/2017;0,00;-0,01;-0,01;;;;;
23/10/2017;0,01;0,01;0,02;;;;;
24/10/2017;0,01;0,00;0,01;;;;;
25/10/2017;0,00;0,00;0,02;;;;;
26/10/2017;0,00;-0,01;-0,01;;;;;
27/10/2017;0,01;0,01;0,00;;;;;
30/10/2017;-0,01;0,00;-0,01;;;;;
31/10/2017;0,01;-0,01;-0,03;;;;;
01/11/2017;0,00;0,00;0,02;;;;;
03/11/2017;0,01;-0,02;-0,02;;;;;
06/11/2017;0,00;-0,01;0,00;;;;;
07/11/2017;0,00;-0,01;0,01;;;;;
08/11/2017;-0,01;0,00;0,00;;;;;
09/11/2017;0,00;0,00;-0,02;;;;;
10/11/2017;0,00;0,01;-0,01;;;;;
13/11/2017;0,01;-0,03;-0,01;;;;;
14/11/2017;0,00;0,03;0,04;;;;;
16/11/2017;0,00;-0,02;-0,02;;;;;
17/11/2017;0,00;-0,01;-0,04;;;;;
21/11/2017;-0,01;0,00;0,02;;;;;
22/11/2017;0,00;-0,02;-0,01;;;;;
23/11/2017;0,00;0,01;0,00;;;;;
24/11/2017;-0,01;0,01;0,05;;;;;
27/11/2017;0,00;0,01;0,02;;;;;
28/11/2017;0,00;0,01;0,00;;;;;
29/11/2017;0,00;0,01;0,03;;;;;
30/11/2017;0,00;0,00;0,01;;;;;
01/12/2017;0,01;0,00;-0,01;;;;;
04/12/2017;0,00;0,00;0,02;;;;;
05/12/2017;0,00;0,00;-0,02;;;;;
06/12/2017;-0,01;0,00;0,00;;;;;
07/12/2017;0,00;-0,02;-0,01;;;;;
08/12/2017;0,02;-0,01;-0,01;;;;;
11/12/2017;0,00;0,00;-0,01;;;;;
12/12/2017;0,00;0,01;0,01;;;;;
13/12/2017;0,01;-0,01;-0,01;;;;;
14/12/2017;0,00;0,01;0,01;;;;;
15/12/2017;0,01;-0,01;0,00;;;;;
18/12/2017;0,00;0,00;0,01;;;;;
19/12/2017;-0,01;0,00;-0,01;;;;;
20/12/2017;0,00;0,01;0,00;;;;;
21/12/2017;0,00;-0,01;-0,01;;;;;
22/12/2017;0,00;-0,01;0,02;;;;;
26/12/2017;0,00;0,00;0,02;;;;;
27/12/2017;0,00;0,01;0,01;;;;;
28/12/2017;-0,01;-0,01;-0,02;;;;;
02/01/2018;0,00;0,01;0,01;;;;;
03/01/2018;0,00;0,02;0,03;;;;;
04/01/2018;-0,01;0,00;-0,01;;;;;
05/01/2018;0,00;0,00;0,00;;;;;
08/01/2018;-0,01;0,00;0,00;;;;;
09/01/2018;0,00;0,01;0,02;;;;;
10/01/2018;0,00;0,00;0,01;;;;;
11/01/2018;0,00;0,00;0,00;;;;;
12/01/2018;0,00;0,02;0,03;;;;;
15/01/2018;-0,01;0,00;-0,01;;;;;
16/01/2018;0,00;0,01;0,01;;;;;
17/01/2018;-0,01;0,01;-0,01;;;;;
18/01/2018;0,01;0,00;0,00;;;;;
19/01/2018;0,00;-0,01;0,01;;;;;
22/01/2018;-0,01;-0,01;0,00;;;;;
23/01/2018;0,00;0,01;0,01;;;;;
24/01/2018;0,00;0,00;-0,01;;;;;
26/01/2018;0,01;0,01;0,00;;;;;
29/01/2018;-0,01;0,00;0,01;;;;;
30/01/2018;-0,02;0,02;0,01;;;;;
31/01/2018;0,00;0,00;0,00;;;;;
01/02/2018;0,01;0,00;0,00;;;;;
02/02/2018;0,00;0,01;-0,01;;;;;
05/02/2018;0,00;-0,01;0,00;;;;;
06/02/2018;0,00;0,04;0,04;;;;;
07/02/2018;0,01;0,01;0,00;;;;;
08/02/2018;0,01;0,01;0,04;;;;;
09/02/2018;0,01;-0,01;-0,01;;;;;
14/02/2018;0,00;0,00;-0,01;;;;;
15/02/2018;0,01;0,01;0,03;;;;;
16/02/2018;0,00;0,01;0,02;;;;;
19/02/2018;-0,01;-0,02;-0,02;;;;;
20/02/2018;-0,01;-0,03;-0,01;;;;;
21/02/2018;0,01;0,02;0,02;;;;;
22/02/2018;0,00;-0,01;-0,01;;;;;
23/02/2018;0,00;-0,01;-0,01;;;;;
26/02/2018;0,00;-0,01;-0,02;;;;;
27/02/2018;0,00;0,03;0,03;;;;;
28/02/2018;-0,01;0,01;-0,01;;;;;
01/03/2018;0,00;0,00;0,00;;;;;
02/03/2018;0,00;0,00;0,01;;;;;
05/03/2018;0,00;0,01;0,00;;;;;
06/03/2018;0,01;0,00;-0,01;;;;;
07/03/2018;0,00;0,01;0,00;;;;;
08/03/2018;0,00;0,01;0,02;;;;;
09/03/2018;-0,01;0,00;-0,01;;;;;
12/03/2018;0,00;-0,01;-0,01;;;;;
13/03/2018;0,01;-0,02;0,00;;;;;
14/03/2018;0,00;0,00;0,01;;;;;
15/03/2018;0,00;0,00;-0,02;;;;;
16/03/2018;0,00;0,00;-0,01;;;;;
19/03/2018;0,00;0,00;-0,01;;;;;
20/03/2018;0,01;0,00;0,00;;;;;
21/03/2018;0,00;-0,01;0,02;;;;;
22/03/2018;0,00;0,02;0,03;;;;;
23/03/2018;0,00;0,01;0,00;;;;;
26/03/2018;0,00;-0,01;0,00;;;;;
27/03/2018;0,00;0,00;0,00;;;;;
28/03/2018;0,00;-0,01;0,00;;;;;
29/03/2018;0,00;0,00;0,02;;;;;
02/04/2018;0,01;-0,01;-0,03;;;;;
03/04/2018;0,00;0,00;0,02;;;;;
04/04/2018;0,00;0,01;0,00;;;;;
05/04/2018;0,00;0,00;0,01;;;;;
06/04/2018;0,00;0,00;0,00;;;;;
09/04/2018;0,01;0,01;0,01;;;;;
10/04/2018;-0,01;-0,02;0,00;;;;;
11/04/2018;0,01;0,00;0,01;;;;;
12/04/2018;0,01;0,02;0,03;;;;;
13/04/2018;0,01;-0,01;-0,03;;;;;
16/04/2018;0,00;0,00;-0,03;;;;;
17/04/2018;-0,01;0,00;0,00;;;;;
18/04/2018;0,01;0,01;0,01;;;;;
19/04/2018;0,00;0,00;0,01;;;;;
20/04/2018;-0,01;-0,02;-0,02;;;;;
23/04/2018;-0,01;0,01;0,01;;;;;
24/04/2018;0,00;0,01;0,00;;;;;
25/04/2018;0,00;0,00;0,01;;;;;
26/04/2018;0,01;-0,01;-0,01;;;;;
27/04/2018;0,01;-0,02;-0,01;;;;;
30/04/2018;0,01;0,01;0,01;;;;;
02/05/2018;0,00;0,02;0,02;;;;;
03/05/2018;-0,01;0,00;-0,01;;;;;
04/05/2018;0,00;0,00;-0,01;;;;;
07/05/2018;0,02;0,00;0,00;;;;;
08/05/2018;0,00;0,00;0,01;;;;;
09/05/2018;0,00;0,00;-0,02;;;;;
10/05/2018;0,00;0,02;0,01;;;;;
11/05/2018;0,01;0,00;0,00;;;;;
14/05/2018;0,00;0,00;0,00;;;;;
15/05/2018;-0,01;-0,02;-0,03;;;;;
16/05/2018;0,00;-0,01;-0,05;;;;;
17/05/2018;0,01;0,00;0,02;;;;;
18/05/2018;0,02;0,00;-0,02;;;;;
21/05/2018;0,00;0,00;0,00;;;;;
22/05/2018;0,00;0,02;0,00;;;;;
23/05/2018;0,02;0,02;0,01;;;;;
24/05/2018;-0,01;-0,01;-0,04;;;;;
25/05/2018;-0,02;0,00;-0,02;;;;;
28/05/2018;0,00;0,00;-0,01;;;;;
29/05/2018;0,00;0,02;0,04;;;;;
30/05/2018;0,00;-0,03;-0,04;;;;;
01/06/2018;0,01;-0,01;-0,01;;;;;
04/06/2018;0,01;-0,02;0,02;;;;;
05/06/2018;0,00;0,01;0,06;;;;;
06/06/2018;0,00;-0,02;-0,04;;;;;
07/06/2018;0,00;-0,01;0,02;;;;;
08/06/2018;0,01;-0,02;-0,01;;;;;
11/06/2018;0,01;-0,04;-0,07;;;;;
12/06/2018;0,02;0,01;0,05;;;;;
13/06/2018;-0,03;0,01;0,02;;;;;
14/06/2018;-0,02;0,01;0,01;;;;;
15/06/2018;0,00;0,02;0,05;;;;;
18/06/2018;0,00;-0,02;-0,05;;;;;
19/06/2018;0,00;-0,01;-0,05;;;;;
20/06/2018;0,02;-0,03;-0,04;;;;;
21/06/2018;-0,01;-0,01;0,05;;;;;
22/06/2018;0,00;-0,01;-0,06;;;;;
25/06/2018;-0,01;0,01;-0,05;;;;;
26/06/2018;0,01;-0,01;-0,03;;;;;
27/06/2018;-0,01;-0,01;-0,01;;;;;
28/06/2018;0,00;-0,01;-0,01;;;;;
29/06/2018;0,00;-0,01;0,02;;;;;
02/07/2018;0,02;0,02;0,03;;;;;
03/07/2018;0,00;0,01;0,02;;;;;
04/07/2018;0,00;-0,03;-0,04;;;;;
05/07/2018;0,01;0,01;0,00;;;;;
06/07/2018;0,00;0,00;0,01;;;;;
10/07/2018;0,00;0,01;0,03;;;;;
11/07/2018;0,00;-0,01;-0,04;;;;;
12/07/2018;0,00;0,02;0,00;;;;;
13/07/2018;-0,01;0,01;0,04;;;;;
16/07/2018;-0,01;0,00;-0,01;;;;;
17/07/2018;0,00;0,01;-0,01;;;;;
18/07/2018;0,00;0,01;-0,01;;;;;
19/07/2018;0,00;0,00;-0,02;;;;;
20/07/2018;0,00;0,01;-0,04;;;;;
23/07/2018;0,00;0,00;-0,03;;;;;
24/07/2018;-0,01;-0,01;0,00;;;;;
25/07/2018;0,01;0,02;0,03;;;;;
26/07/2018;-0,03;0,01;0,04;;;;;
27/07/2018;0,00;0,00;0,04;;;;;
30/07/2018;-0,01;0,02;0,01;;;;;
31/07/2018;-0,01;-0,01;-0,01;;;;;
01/08/2018;0,00;0,00;-0,01;;;;;
02/08/2018;0,00;0,01;0,01;;;;;
03/08/2018;0,00;-0,01;-0,02;;;;;
06/08/2018;0,01;0,01;0,04;;;;;
07/08/2018;0,00;0,01;0,03;;;;;
08/08/2018;0,00;-0,01;-0,04;;;;;
09/08/2018;-0,01;0,01;0,00;;;;;
10/08/2018;0,00;0,01;0,00;;;;;
13/08/2018;0,00;-0,01;-0,03;;;;;
14/08/2018;0,01;0,00;0,00;;;;;
15/08/2018;0,01;0,00;-0,01;;;;;
16/08/2018;0,01;0,02;0,04;;;;;
17/08/2018;0,01;0,00;-0,02;;;;;
20/08/2018;0,00;-0,01;0,01;;;;;
21/08/2018;0,01;-0,01;-0,03;;;;;
22/08/2018;-0,01;0,00;-0,03;;;;;
23/08/2018;0,01;-0,03;0,02;;;;;
24/08/2018;0,00;0,01;0,00;;;;;
27/08/2018;0,01;0,01;0,03;;;;;
28/08/2018;0,02;-0,02;0,01;;;;;
29/08/2018;0,00;0,00;-0,02;;;;;
30/08/2018;0,00;-0,01;-0,01;;;;;
31/08/2018;0,00;0,00;0,00;;;;;
03/09/2018;0,01;-0,02;-0,05;;;;;
04/09/2018;0,00;0,02;0,01;;;;;
05/09/2018;0,01;-0,02;-0,04;;;;;
06/09/2018;-0,01;0,01;0,04;;;;;
10/09/2018;0,00;0,02;0,03;;;;;
11/09/2018;0,01;-0,01;-0,03;;;;;
12/09/2018;0,00;0,01;0,03;;;;;
13/09/2018;0,00;-0,03;-0,04;;;;;
14/09/2018;-0,01;0,00;0,02;;;;;
17/09/2018;0,02;-0,01;-0,03;;;;;
18/09/2018;-0,01;-0,02;-0,05;;;;;
19/09/2018;0,01;0,01;0,02;;;;;
20/09/2018;0,01;0,02;0,03;;;;;
21/09/2018;0,00;0,00;-0,02;;;;;
24/09/2018;-0,01;-0,02;-0,04;;;;;
25/09/2018;0,00;0,01;0,03;;;;;
26/09/2018;-0,01;-0,01;0,00;;;;;
27/09/2018;-0,01;0,01;0,00;;;;;
28/09/2018;0,00;0,02;0,05;;;;;
01/10/2018;0,02;0,02;0,01;;;;;
02/10/2018;-0,02;0,00;-0,02;;;;;
03/10/2018;-0,01;0,00;-0,01;;;;;
04/10/2018;0,00;0,02;0,05;;;;;
05/10/2018;0,01;-0,02;-0,02;;;;;
08/10/2018;-0,02;0,01;-0,03;;;;;
09/10/2018;-0,02;0,00;-0,01;;;;;
10/10/2018;0,01;0,02;0,05;;;;;
11/10/2018;-0,01;-0,01;0,00;;;;;
15/10/2018;-0,03;-0,01;-0,01;;;;;
16/10/2018;-0,01;0,04;0,07;;;;;
17/10/2018;0,00;0,02;0,02;;;;;
18/10/2018;0,00;0,00;-0,03;;;;;
19/10/2018;0,00;-0,01;0,05;;;;;
22/10/2018;-0,01;0,05;0,06;;;;;
23/10/2018;0,00;0,00;0,03;;;;;
24/10/2018;0,00;-0,03;-0,03;;;;;
25/10/2018;0,00;-0,01;-0,02;;;;;
26/10/2018;0,00;0,01;0,00;;;;;
29/10/2018;0,00;0,03;0,07;;;;;
30/10/2018;0,00;0,00;0,01;;;;;
31/10/2018;0,00;-0,02;-0,02;;;;;
01/11/2018;-0,01;0,00;0,01;;;;;
05/11/2018;-0,01;0,02;0,03;;;;;
06/11/2018;0,02;0,00;-0,02;;;;;
07/11/2018;0,00;-0,03;-0,02;;;;;
08/11/2018;-0,01;0,01;0,06;;;;;
09/11/2018;0,00;0,02;0,03;;;;;
12/11/2018;0,01;-0,02;-0,03;;;;;
13/11/2018;0,00;0,04;0,03;;;;;
14/11/2018;-0,01;0,01;-0,02;;;;;
16/11/2018;0,00;0,01;0,01;;;;;
19/11/2018;0,00;0,01;0,02;;;;;
21/11/2018;0,01;-0,01;-0,02;;;;;
22/11/2018;0,00;-0,01;-0,01;;;;;
23/11/2018;-0,01;-0,02;0,01;;;;;
26/11/2018;0,00;0,00;-0,02;;;;;
27/11/2018;0,00;0,00;0,01;;;;;
28/11/2018;0,01;-0,01;0,00;;;;;
29/11/2018;0,01;0,01;-0,01;;;;;
30/11/2018;0,00;0,03;0,03;;;;;
03/12/2018;0,02;-0,01;-0,01;;;;;
04/12/2018;0,01;-0,01;-0,01;;;;;
05/12/2018;-0,01;0,00;0,01;;;;;
06/12/2018;0,00;-0,01;0,01;;;;;
07/12/2018;0,00;-0,01;-0,02;;;;;
10/12/2018;-0,01;0,03;0,04;;;;;
11/12/2018;0,00;0,02;0,03;;;;;
12/12/2018;0,01;0,01;-0,01;;;;;
13/12/2018;0,02;0,00;0,02;;;;;
14/12/2018;-0,01;0,00;-0,01;;;;;
17/12/2018;0,00;-0,01;-0,04;;;;;
18/12/2018;0,00;0,00;0,01;;;;;
19/12/2018;-0,01;0,00;0,00;;;;;
20/12/2018;0,00;-0,01;-0,02;;;;;
21/12/2018;0,01;-0,02;-0,02;;;;;
26/12/2018;0,00;0,01;0,02;;;;;
27/12/2018;0,00;0,01;0,03;;;;;
28/12/2018;0,00;0,01;0,02;;;;;
02/01/2019;-0,01;0,00;-0,02;;;;;
03/01/2019;0,01;-0,01;-0,01;;;;;
04/01/2019;0,00;0,00;0,02;;;;;
07/01/2019;0,01;-0,01;-0,02;;;;;
08/01/2019;0,00;0,00;0,03;;;;;
09/01/2019;-0,01;0,01;0,01;;;;;
10/01/2019;0,00;-0,01;0,00;;;;;
11/01/2019;0,00;0,00;-0,02;;;;;
14/01/2019;-0,02;0,03;0,01;;;;;
15/01/2019;0,00;0,04;0,00;;;;;
16/01/2019;-0,02;0,01;-0,01;;;;;
17/01/2019;0,00;0,00;-0,01;;;;;
18/01/2019;-0,01;0,00;0,01;;;;;
21/01/2019;0,00;0,00;-0,03;;;;;
22/01/2019;0,01;0,02;0,01;;;;;
23/01/2019;0,00;0,00;0,02;;;;;
24/01/2019;-0,01;0,00;-0,02;;;;;
28/01/2019;0,00;0,01;0,00;;;;;
29/01/2019;0,01;0,00;0,01;;;;;
30/01/2019;0,00;0,00;0,00;;;;;
31/01/2019;0,01;0,01;0,01;;;;;
01/02/2019;0,00;0,01;0,00;;;;;
04/02/2019;0,01;0,00;-0,01;;;;;
05/02/2019;0,00;-0,01;0,00;;;;;
06/02/2019;0,00;0,02;0,03;;;;;
07/02/2019;0,00;0,01;0,01;;;;;
08/02/2019;-0,01;-0,02;0,00;;;;;
11/02/2019;-0,01;0,00;0,01;;;;;
12/02/2019;-0,02;0,01;0,03;;;;;
13/02/2019;0,00;0,00;-0,01;;;;;
14/02/2019;0,00;0,00;0,01;;;;;
15/02/2019;0,00;0,01;-0,01;;;;;
18/02/2019;0,01;0,00;-0,02;;;;;
19/02/2019;0,00;-0,04;-0,05;;;;;
20/02/2019;0,00;0,00;0,01;;;;;
21/02/2019;0,01;0,01;0,00;;;;;
22/02/2019;0,00;-0,01;0,00;;;;;
25/02/2019;0,00;0,02;0,03;;;;;
26/02/2019;0,01;0,00;-0,01;;;;;
27/02/2019;-0,02;0,02;0,01;;;;;
28/02/2019;0,00;0,00;-0,01;;;;;
01/03/2019;0,00;-0,01;-0,01;;;;;
06/03/2019;0,00;0,01;0,00;;;;;
07/03/2019;0,01;-0,01;-0,01;;;;;
08/03/2019;0,00;0,00;0,01;;;;;
11/03/2019;0,00;0,01;-0,02;;;;;
12/03/2019;0,01;-0,01;-0,01;;;;;
13/03/2019;-0,01;0,00;-0,01;;;;;
14/03/2019;0,00;0,00;-0,01;;;;;
15/03/2019;0,01;-0,02;-0,01;;;;;
18/03/2019;0,01;-0,01;-0,01;;;;;
19/03/2019;0,00;0,00;-0,02;;;;;
20/03/2019;0,00;0,00;0,00;;;;;
21/03/2019;-0,01;0,01;0,01;;;;;
22/03/2019;-0,01;0,03;0,02;;;;;
25/03/2019;0,00;0,00;-0,01;;;;;
26/03/2019;0,00;0,01;-0,03;;;;;
27/03/2019;0,00;0,00;0,00;;;;;
28/03/2019;-0,01;0,01;-0,03;;;;;
29/03/2019;-0,01;0,01;0,04;;;;;
01/04/2019;0,00;0,00;0,02;;;;;
02/04/2019;0,00;-0,02;-0,01;;;;;
03/04/2019;0,02;-0,01;-0,01;;;;;
04/04/2019;0,00;-0,03;-0,05;;;;;
05/04/2019;0,00;0,00;-0,01;;;;;
08/04/2019;0,02;0,02;0,01;;;;;
09/04/2019;0,01;-0,04;-0,04;;;;;
10/04/2019;-0,02;0,03;0,03;;;;;
11/04/2019;-0,01;0,01;0,00;;;;;
12/04/2019;0,00;0,01;-0,01;;;;;
15/04/2019;-0,01;-0,01;0,00;;;;;
16/04/2019;0,01;-0,01;-0,02;;;;;
17/04/2019;0,00;0,02;0,00;;;;;
18/04/2019;0,00;0,01;0,01;;;;;
22/04/2019;0,00;0,00;-0,03;;;;;
23/04/2019;-0,01;-0,01;-0,02;;;;;
24/04/2019;0,00;0,00;0,02;;;;;
25/04/2019;0,01;-0,01;0,00;;;;;
26/04/2019;0,00;-0,02;-0,02;;;;;
29/04/2019;0,00;0,00;0,00;;;;;
30/04/2019;0,01;0,01;-0,02;;;;;
02/05/2019;0,00;-0,01;-0,01;;;;;
03/05/2019;0,00;0,01;0,06;;;;;
06/05/2019;0,01;0,00;0,03;;;;;
07/05/2019;0,00;0,01;0,02;;;;;
08/05/2019;0,00;-0,01;-0,02;;;;;
09/05/2019;-0,01;0,02;0,03;;;;;
10/05/2019;0,00;0,00;0,01;;;;;
13/05/2019;0,00;0,00;0,01;;;;;
14/05/2019;0,00;0,00;0,01;;;;;
15/05/2019;-0,01;-0,01;0,01;;;;;
16/05/2019;0,01;0,01;-0,01;;;;;
17/05/2019;0,01;-0,01;-0,01;;;;;
20/05/2019;-0,01;-0,01;0,01;;;;;
21/05/2019;0,01;0,01;0,04;;;;;
22/05/2019;0,00;-0,01;0,00;;;;;
23/05/2019;0,01;-0,01;-0,09;;;;;
24/05/2019;0,00;-0,03;-0,08;;;;;
27/05/2019;0,01;0,00;0,03;;;;;
28/05/2019;0,00;-0,01;-0,02;;;;;
29/05/2019;0,02;-0,02;-0,04;;;;;
30/05/2019;0,01;0,00;-0,03;;;;;
31/05/2019;-0,01;0,02;0,02;;;;;
03/06/2019;-0,01;0,03;0,06;;;;;
04/06/2019;0,01;0,00;-0,01;;;;;
05/06/2019;0,00;0,00;-0,03;;;;;
06/06/2019;0,00;0,00;-0,01;;;;;
07/06/2019;0,00;0,01;0,01;;;;;
10/06/2019;-0,01;0,02;0,02;;;;;
11/06/2019;-0,01;0,00;0,00;;;;;
12/06/2019;-0,01;0,01;0,05;;;;;
13/06/2019;-0,01;0,00;0,00;;;;;
14/06/2019;-0,01;0,00;-0,01;;;;;
17/06/2019;0,00;0,00;-0,02;;;;;
18/06/2019;0,00;-0,01;-0,03;;;;;
19/06/2019;0,00;0,01;0,00;;;;;
21/06/2019;0,01;0,01;0,01;;;;;
24/06/2019;0,00;0,00;-0,01;;;;;
25/06/2019;-0,01;0,02;0,01;;;;;
26/06/2019;0,00;-0,01;-0,01;;;;;
27/06/2019;0,01;0,00;0,03;;;;;
28/06/2019;0,00;-0,01;0,01;;;;;
01/07/2019;-0,01;0,00;0,01;;;;;
02/07/2019;0,00;0,02;-0,01;;;;;
03/07/2019;-0,01;0,01;0,02;;;;;
04/07/2019;0,00;0,02;0,03;;;;;
05/07/2019;0,00;0,00;0,01;;;;;
08/07/2019;0,00;-0,02;-0,04;;;;;
10/07/2019;0,01;0,01;-0,01;;;;;
11/07/2019;-0,01;0,00;-0,01;;;;;
12/07/2019;0,00;0,00;-0,01;;;;;
15/07/2019;0,01;0,00;-0,01;;;;;
16/07/2019;0,00;-0,01;0,00;;;;;
17/07/2019;-0,01;0,01;0,00;;;;;
18/07/2019;0,01;0,02;-0,01;;;;;
19/07/2019;0,00;0,00;0,01;;;;;
22/07/2019;-0,01;0,00;0,01;;;;;
23/07/2019;0,00;0,01;0,07;;;;;
24/07/2019;0,00;-0,01;0,02;;;;;
25/07/2019;0,00;-0,01;0,00;;;;;
26/07/2019;0,00;0,00;-0,04;;;;;
29/07/2019;0,00;0,00;-0,01;;;;;
30/07/2019;0,00;0,00;0,00;;;;;
31/07/2019;0,00;0,01;-0,03;;;;;
01/08/2019;0,00;-0,01;-0,01;;;;;
02/08/2019;0,00;0,00;-0,03;;;;;
05/08/2019;0,01;0,00;-0,02;;;;;
06/08/2019;0,00;0,00;0,01;;;;;
07/08/2019;0,01;-0,01;0,00;;;;;
08/08/2019;0,00;0,00;0,02;;;;;
09/08/2019;0,00;0,01;-0,01;;;;;
12/08/2019;0,00;-0,01;0,05;;;;;
13/08/2019;-0,01;-0,01;0,02;;;;;
14/08/2019;0,02;0,00;0,02;;;;;
15/08/2019;0,01;0,01;0,02;;;;;
16/08/2019;0,02;-0,03;-0,02;;;;;
19/08/2019;0,01;0,02;0,01;;;;;
20/08/2019;0,01;0,01;-0,03;;;;;
21/08/2019;-0,01;0,01;0,02;;;;;
22/08/2019;0,00;0,00;0,09;;;;;
23/08/2019;0,02;-0,02;-0,03;;;;;
26/08/2019;-0,01;0,01;0,00;;;;;
27/08/2019;0,01;-0,03;-0,01;;;;;
28/08/2019;0,00;-0,01;-0,03;;;;;
29/08/2019;-0,01;0,01;0,00;;;;;
30/08/2019;0,01;0,00;0,01;;;;;
02/09/2019;0,00;0,00;0,01;;;;;
03/09/2019;0,00;0,02;0,04;;;;;
04/09/2019;0,00;-0,01;-0,01;;;;;
05/09/2019;0,01;-0,02;-0,05;;;;;
06/09/2019;0,01;-0,01;0,00;;;;;
09/09/2019;0,00;0,01;-0,01;;;;;
10/09/2019;0,00;0,01;0,00;;;;;
11/09/2019;0,00;0,02;0,03;;;;;
12/09/2019;-0,01;0,01;0,00;;;;;
13/09/2019;0,00;-0,01;0,01;;;;;
16/09/2019;0,00;-0,01;-0,01;;;;;
17/09/2019;-0,01;0,02;-0,02;;;;;
18/09/2019;-0,01;0,01;-0,01;;;;;
19/09/2019;-0,01;0,01;-0,02;;;;;
20/09/2019;0,00;0,00;0,02;;;;;
23/09/2019;0,01;0,00;-0,02;;;;;
24/09/2019;-0,01;0,00;0,03;;;;;
25/09/2019;0,00;0,01;-0,01;;;;;
26/09/2019;0,00;-0,01;-0,01;;;;;
27/09/2019;0,01;0,00;-0,01;;;;;
30/09/2019;0,00;0,01;-0,01;;;;;
01/10/2019;0,00;0,00;0,06;;;;;
02/10/2019;0,01;0,00;0,02;;;;;
03/10/2019;0,01;0,00;-0,01;;;;;
04/10/2019;0,00;0,00;-0,04;;;;;
07/10/2019;0,00;-0,01;0,00;;;;;
08/10/2019;0,00;0,01;0,00;;;;;
09/10/2019;-0,01;0,01;0,03;;;;;
10/10/2019;0,00;0,00;0,05;;;;;
11/10/2019;0,00;0,00;0,02;;;;;
14/10/2019;0,00;-0,01;0,01;;;;;
15/10/2019;0,00;-0,03;-0,02;;;;;
16/10/2019;-0,01;0,00;0,00;;;;;
17/10/2019;-0,01;0,01;0,01;;;;;
18/10/2019;0,00;-0,02;-0,02;;;;;
21/10/2019;0,00;-0,01;-0,01;;;;;
22/10/2019;0,00;0,01;0,00;;;;;
23/10/2019;0,00;0,01;-0,02;;;;;
24/10/2019;0,00;0,02;0,01;;;;;
25/10/2019;0,00;0,00;0,01;;;;;
28/10/2019;0,01;0,00;0,00;;;;;
29/10/2019;0,01;0,01;-0,01;;;;;
30/10/2019;-0,01;0,00;-0,01;;;;;
31/10/2019;0,00;0,00;-0,01;;;;;
01/11/2019;0,00;0,01;-0,01;;;;;
04/11/2019;-0,01;0,01;0,02;;;;;
05/11/2019;0,00;0,00;0,01;;;;;
06/11/2019;-0,02;-0,01;0,00;;;;;
07/11/2019;0,00;0,00;0,01;;;;;
08/11/2019;-0,01;0,01;-0,01;;;;;
11/11/2019;0,00;-0,01;-0,01;;;;;
12/11/2019;0,01;0,01;-0,01;;;;;
13/11/2019;0,00;-0,01;-0,01;;;;;
14/11/2019;-0,01;0,01;0,04;;;;;
18/11/2019;0,00;0,00;-0,01;;;;;
19/11/2019;0,00;0,00;-0,01;;;;;
21/11/2019;0,01;0,00;-0,01;;;;;
22/11/2019;0,01;0,01;0,00;;;;;
25/11/2019;0,01;-0,02;-0,14;;;;;
26/11/2019;0,00;0,01;-0,02;;;;;
27/11/2019;0,00;-0,01;-0,07;;;;;
28/11/2019;0,00;-0,01;0,00;;;;;
29/11/2019;0,00;0,01;0,00;;;;;
02/12/2019;0,00;0,00;-0,04;;;;;
03/12/2019;0,01;-0,01;0,00;;;;;
04/12/2019;0,00;0,02;0,06;;;;;
05/12/2019;0,00;0,01;0,02;;;;;
06/12/2019;0,00;0,00;0,00;;;;;
09/12/2019;0,01;-0,01;-0,01;;;;;
10/12/2019;0,01;0,01;-0,02;;;;;
11/12/2019;0,00;0,01;-0,01;;;;;
12/12/2019;0,00;0,00;-0,01;;;;;
13/12/2019;-0,01;0,01;0,02;;;;;
16/12/2019;0,00;0,00;-0,01;;;;;
17/12/2019;-0,01;0,01;0,01;;;;;
18/12/2019;0,00;0,00;-0,01;;;;;
19/12/2019;0,01;0,00;0,02;;;;;
20/12/2019;-0,01;0,00;0,00;;;;;
23/12/2019;-0,01;0,00;0,01;;;;;
26/12/2019;0,00;0,00;0,00;;;;;
27/12/2019;-0,01;0,01;0,04;;;;;
30/12/2019;0,00;0,00;0,00;;;;;
02/01/2020;0,00;-0,01;-0,01;;;;;
03/01/2020;0,00;0,01;-0,02;;;;;
06/01/2020;0,00;0,02;0,01;;;;;
07/01/2020;0,00;0,01;0,04;;;;;
08/01/2020;0,00;0,00;-0,02;;;;;
09/01/2020;0,00;0,01;0,00;;;;;
10/01/2020;0,00;0,01;0,00;;;;;
13/01/2020;0,00;-0,01;0,01;;;;;
14/01/2020;-0,01;0,00;-0,01;;;;;
15/01/2020;0,00;0,02;0,02;;;;;
16/01/2020;-0,01;-0,01;-0,01;;;;;
17/01/2020;0,00;-0,01;-0,01;;;;;
20/01/2020;0,00;0,00;0,01;;;;;
21/01/2020;0,01;0,00;0,00;;;;;
22/01/2020;0,00;0,00;-0,02;;;;;
23/01/2020;0,01;0,00;-0,03;;;;;
24/01/2020;0,00;0,02;-0,01;;;;;
27/01/2020;0,00;0,00;0,02;;;;;
28/01/2020;0,00;-0,01;-0,03;;;;;
29/01/2020;0,01;0,00;-0,01;;;;;
30/01/2020;0,00;0,02;0,01;;;;;
31/01/2020;0,00;0,00;-0,02;;;;;
03/02/2020;0,00;-0,02;-0,04;;;;;
04/02/2020;0,00;0,01;0,01;;;;;
05/02/2020;0,00;0,01;0,02;;;;;
06/02/2020;0,00;-0,01;-0,02;;;;;
07/02/2020;0,00;-0,03;-0,04;;;;;
10/02/2020;-0,01;0,02;0,02;;;;;
11/02/2020;0,00;-0,01;-0,04;;;;;
12/02/2020;0,01;0,00;-0,02;;;;;
13/02/2020;0,00;-0,02;0,01;;;;;
14/02/2020;0,00;0,01;0,00;;;;;
17/02/2020;0,01;0,01;0,01;;;;;
18/02/2020;0,00;0,00;-0,01;;;;;
19/02/2020;-0,01;-0,01;-0,01;;;;;
20/02/2020;0,00;-0,01;-0,04;;;;;
21/02/2020;0,00;-0,01;-0,06;;;;;
26/02/2020;0,00;0,02;0,05;;;;;
27/02/2020;0,01;0,01;-0,02;;;;;
28/02/2020;0,00;-0,01;0,00;;;;;
02/03/2020;0,00;-0,01;-0,02;;;;;
03/03/2020;0,01;0,01;0,01;;;;;
04/03/2020;0,00;0,00;-0,02;;;;;
05/03/2020;-0,01;0,01;0,00;;;;;
06/03/2020;0,00;-0,02;-0,02;;;;;
09/03/2020;0,01;-0,01;-0,04;;;;;
10/03/2020;0,01;-0,07;-0,11;;;;;
11/03/2020;0,00;-0,03;-0,04;;;;;
12/03/2020;0,00;0,01;-0,02;;;;;
13/03/2020;0,01;0,02;-0,11;;;;;
16/03/2020;0,01;-0,01;-0,02;;;;;
17/03/2020;0,00;0,02;-0,01;;;;;
18/03/2020;0,00;-0,05;-0,10;;;;;
19/03/2020;0,00;-0,04;0,14;;;;;
20/03/2020;0,01;-0,12;-0,15;;;;;
23/03/2020;0,02;0,07;0,12;;;;;
24/03/2020;0,01;-0,08;-0,12;;;;;
25/03/2020;0,02;-0,15;-0,29;;;;;
26/03/2020;-0,01;0,14;0,13;;;;;
27/03/2020;0,00;-0,14;-0,32;;;;;
30/03/2020;0,04;0,05;-0,04;;;;;
31/03/2020;-0,03;-0,10;-0,35;;;;;
01/04/2020;0,04;0,02;0,15;;;;;
02/04/2020;0,02;-0,02;0,10;;;;;
03/04/2020;0,01;-0,05;-0,07;;;;;
06/04/2020;0,01;0,10;0,15;;;;;
07/04/2020;-0,02;0,07;0,07;;;;;
08/04/2020;0,01;0,04;0,32;;;;;
09/04/2020;0,00;-0,06;0,04;;;;;
13/04/2020;0,00;0,02;0,01;;;;;
14/04/2020;-0,01;-0,02;-0,14;;;;;
15/04/2020;0,02;-0,03;-0,15;;;;;
16/04/2020;0,01;0,02;0,09;;;;;
17/04/2020;0,01;-0,04;-0,03;;;;;
20/04/2020;0,01;0,07;0,04;;;;;
22/04/2020;0,00;0,03;0,12;;;;;
23/04/2020;0,01;0,03;0,01;;;;;
24/04/2020;-0,01;-0,01;0,10;;;;;
27/04/2020;0,00;0,01;0,01;;;;;
28/04/2020;0,00;0,01;0,09;;;;;
29/04/2020;-0,03;-0,01;0,02;;;;;
30/04/2020;0,02;-0,01;0,01;;;;;
04/05/2020;0,00;0,02;0,00;;;;;
05/05/2020;0,01;0,00;-0,01;;;;;
06/05/2020;0,00;0,02;0,02;;;;;
07/05/2020;0,00;-0,01;-0,06;;;;;
08/05/2020;0,01;-0,05;-0,14;;;;;
11/05/2020;0,02;0,04;0,03;;;;;
12/05/2020;0,01;0,04;0,14;;;;;
13/05/2020;0,04;0,02;0,00;;;;;
14/05/2020;0,00;-0,03;-0,03;;;;;
15/05/2020;-0,01;-0,02;-0,06;;;;;
18/05/2020;-0,02;0,01;-0,04;;;;;
19/05/2020;0,00;-0,01;-0,06;;;;;
20/05/2020;0,03;-0,01;-0,07;;;;;
21/05/2020;-0,01;0,03;0,09;;;;;
22/05/2020;0,02;-0,01;-0,06;;;;;
25/05/2020;0,03;-0,02;-0,04;;;;;
26/05/2020;-0,01;0,00;0,00;;;;;
27/05/2020;0,01;0,02;-0,01;;;;;
28/05/2020;0,00;-0,02;-0,01;;;;;
29/05/2020;0,02;0,05;0,19;;;;;
01/06/2020;0,01;-0,01;-0,02;;;;;
02/06/2020;-0,02;0,01;0,07;;;;;
03/06/2020;-0,01;0,02;-0,02;;;;;
04/06/2020;0,00;-0,01;-0,04;;;;;
05/06/2020;0,00;0,04;0,13;;;;;
08/06/2020;-0,02;0,00;-0,04;;;;;
09/06/2020;0,00;0,03;0,13;;;;;
10/06/2020;-0,02;-0,01;-0,03;;;;;
12/06/2020;-0,02;0,01;-0,02;;;;;
15/06/2020;-0,01;0,01;0,08;;;;;
16/06/2020;0,01;0,03;0,20;;;;;
17/06/2020;0,02;0,02;0,07;;;;;
18/06/2020;-0,01;0,01;0,00;;;;;
19/06/2020;-0,02;0,01;0,06;;;;;
22/06/2020;-0,04;0,03;0,10;;;;;
23/06/2020;0,01;-0,01;0,04;;;;;
24/06/2020;-0,02;-0,02;-0,04;;;;;
25/06/2020;-0,01;-0,02;-0,09;;;;;
26/06/2020;-0,01;0,00;-0,02;;;;;
29/06/2020;0,00;0,01;-0,03;;;;;
30/06/2020;0,03;0,02;-0,02;;;;;
01/07/2020;0,03;0,01;-0,01;;;;;
02/07/2020;-0,01;0,00;0,03;;;;;
03/07/2020;0,02;-0,01;-0,01;;;;;
06/07/2020;0,02;0,01;0,00;;;;;
07/07/2020;0,00;-0,02;-0,05;;;;;
08/07/2020;-0,02;0,02;-0,03;;;;;
09/07/2020;-0,01;-0,02;-0,03;;;;;
10/07/2020;0,01;0,02;0,03;;;;;
13/07/2020;0,02;-0,01;0,00;;;;;
14/07/2020;0,03;0,01;0,05;;;;;
15/07/2020;0,00;0,00;0,01;;;;;
16/07/2020;0,01;0,01;0,02;;;;;
17/07/2020;-0,02;0,02;0,11;;;;;
20/07/2020;-0,01;-0,01;-0,07;;;;;
21/07/2020;0,01;0,02;-0,06;;;;;
22/07/2020;-0,01;-0,01;0,01;;;;;
23/07/2020;0,00;0,01;0,14;;;;;
24/07/2020;0,00;-0,01;0,02;;;;;
27/07/2020;-0,01;0,02;0,01;;;;;
28/07/2020;0,01;0,01;0,02;;;;;
29/07/2020;0,00;-0,01;0,02;;;;;
30/07/2020;0,01;0,02;-0,02;;;;;
31/07/2020;-0,01;0,01;-0,01;;;;;
03/08/2020;0,00;0,00;0,05;;;;;
04/08/2020;0,00;0,00;-0,03;;;;;
05/08/2020;0,00;-0,02;-0,04;;;;;
06/08/2020;-0,03;0,00;-0,02;;;;;
07/08/2020;-0,02;0,02;0,02;;;;;
10/08/2020;0,01;0,00;0,02;;;;;
11/08/2020;0,01;0,01;0,00;;;;;
12/08/2020;0,00;-0,01;0,00;;;;;
13/08/2020;0,00;-0,02;-0,03;;;;;
14/08/2020;-0,01;0,00;-0,04;;;;;
17/08/2020;0,01;-0,02;-0,05;;;;;
18/08/2020;0,00;0,02;0,05;;;;;
19/08/2020;0,02;0,01;-0,01;;;;;
20/08/2020;0,00;-0,01;-0,03;;;;;
21/08/2020;-0,01;0,01;0,00;;;;;
24/08/2020;0,01;-0,01;0,07;;;;;
25/08/2020;0,01;0,00;-0,03;;;;;
26/08/2020;-0,01;-0,02;-0,04;;;;;
27/08/2020;0,01;0,01;0,03;;;;;
28/08/2020;0,00;-0,02;-0,03;;;;;
31/08/2020;-0,01;0,02;0,02;;;;;
01/09/2020;0,00;-0,01;-0,02;;;;;
02/09/2020;0,01;0,01;0,01;;;;;
03/09/2020;0,00;0,00;0,04;;;;;
04/09/2020;0,00;0,01;0,01;;;;;
08/09/2020;0,03;0,00;-0,02;;;;;
09/09/2020;-0,01;-0,01;-0,04;;;;;
10/09/2020;0,00;0,00;0,01;;;;;
11/09/2020;0,00;0,02;0,00;;;;;
14/09/2020;-0,01;-0,03;-0,04;;;;;
15/09/2020;0,00;0,03;0,02;;;;;
16/09/2020;-0,02;0,00;-0,01;;;;;
17/09/2020;0,00;-0,01;-0,02;;;;;
18/09/2020;-0,02;0,01;0,00;;;;;
21/09/2020;0,00;-0,01;0,00;;;;;
22/09/2020;-0,01;0,01;-0,02;;;;;
23/09/2020;0,00;-0,02;-0,04;;;;;
24/09/2020;0,02;0,00;-0,01;;;;;
25/09/2020;-0,01;0,02;0,05;;;;;
28/09/2020;0,00;0,00;-0,01;;;;;
29/09/2020;0,00;-0,01;0,04;;;;;
30/09/2020;0,00;0,00;-0,02;;;;;
01/10/2020;0,00;-0,02;-0,03;;;;;
02/10/2020;0,00;-0,01;-0,04;;;;;
05/10/2020;0,00;0,00;-0,02;;;;;
06/10/2020;0,01;-0,02;0,01;;;;;
07/10/2020;0,03;0,01;0,05;;;;;
08/10/2020;0,00;0,00;-0,02;;;;;
09/10/2020;0,02;-0,02;-0,03;;;;;
13/10/2020;0,01;-0,01;-0,04;;;;;
14/10/2020;0,00;0,01;0,03;;;;;
15/10/2020;0,00;0,01;-0,03;;;;;
16/10/2020;0,01;-0,02;-0,05;;;;;
19/10/2020;0,00;0,02;-0,03;;;;;
20/10/2020;0,00;0,00;0,09;;;;;
21/10/2020;0,00;0,00;-0,06;;;;;
22/10/2020;0,00;0,03;0,00;;;;;
23/10/2020;-0,02;0,00;0,04;;;;;
26/10/2020;0,01;0,01;0,00;;;;;
27/10/2020;0,00;0,01;-0,01;;;;;
28/10/2020;-0,01;0,00;0,00;;;;;
29/10/2020;0,01;-0,01;-0,02;;;;;
30/10/2020;0,00;0,00;0,03;;;;;
03/11/2020;0,01;0,02;0,00;;;;;
04/11/2020;0,00;0,00;-0,03;;;;;
05/11/2020;0,00;0,01;-0,02;;;;;
06/11/2020;0,00;-0,01;0,02;;;;;
09/11/2020;0,00;0,00;-0,04;;;;;
10/11/2020;0,00;-0,01;-0,02;;;;;
11/11/2020;0,01;-0,04;-0,10;;;;;
12/11/2020;0,00;0,01;-0,01;;;;;
13/11/2020;0,00;-0,03;-0,03;;;;;
16/11/2020;0,01;0,02;-0,03;;;;;
17/11/2020;0,01;0,02;0,04;;;;;
18/11/2020;0,00;0,03;0,06;;;;;
19/11/2020;-0,01;0,00;0,04;;;;;
20/11/2020;0,00;0,03;0,10;;;;;
23/11/2020;-0,02;0,01;-0,02;;;;;
24/11/2020;-0,01;-0,01;-0,03;;;;;
25/11/2020;-0,05;-0,02;-0,03;;;;;
26/11/2020;0,02;0,02;0,04;;;;;
27/11/2020;0,01;0,02;0,01;;;;;
30/11/2020;0,00;0,01;0,09;;;;;
01/12/2020;0,01;-0,01;-0,01;;;;;
02/12/2020;-0,01;0,00;0,03;;;;;
03/12/2020;0,00;0,01;0,00;;;;;
04/12/2020;-0,02;0,02;0,00;;;;;
07/12/2020;0,01;0,00;0,10;;;;;
08/12/2020;0,00;0,00;0,02;;;;;
09/12/2020;0,01;0,00;-0,02;;;;;
10/12/2020;0,00;-0,02;0,02;;;;;
11/12/2020;-0,01;0,02;0,02;;;;;
14/12/2020;-0,01;0,00;0,04;;;;;
15/12/2020;0,01;0,01;0,08;;;;;
16/12/2020;0,00;0,01;-0,01;;;;;
17/12/2020;-0,01;0,00;0,00;;;;;
18/12/2020;-0,01;0,00;0,02;;;;;
21/12/2020;-0,01;-0,01;-0,01;;;;;
22/12/2020;0,00;0,02;0,01;;;;;
23/12/2020;-0,01;0,00;0,02;;;;;
28/12/2020;0,00;0,00;0,02;;;;;
29/12/2020;0,00;0,01;0,00;;;;;
30/12/2020;-0,01;0,02;0,00;;;;;
04/01/2021;0,00;0,00;-0,03;;;;;
05/01/2021;0,00;0,00;-0,03;;;;;
06/01/2021;0,01;-0,01;-0,04;;;;;
07/01/2021;0,00;0,00;-0,06;;;;;
08/01/2021;-0,01;0,01;0,02;;;;;
11/01/2021;0,01;0,01;0,04;;;;;
12/01/2021;0,01;0,00;0,00;;;;;
13/01/2021;0,00;0,00;0,04;;;;;
14/01/2021;0,01;-0,01;-0,02;;;;;
15/01/2021;0,00;0,01;0,00;;;;;
18/01/2021;0,01;0,01;0,01;;;;;
19/01/2021;-0,01;0,02;-0,04;;;;;
20/01/2021;0,00;0,03;0,00;;;;;
21/01/2021;0,00;-0,02;-0,02;;;;;
22/01/2021;-0,01;0,01;0,03;;;;;
26/01/2021;0,03;-0,02;-0,02;;;;;
27/01/2021;0,00;0,01;0,05;;;;;
28/01/2021;0,00;-0,02;-0,03;;;;;
29/01/2021;0,00;0,01;0,02;;;;;
01/02/2021;0,02;0,00;-0,01;;;;;
02/02/2021;-0,01;-0,01;0,00;;;;;
03/02/2021;-0,03;-0,01;-0,03;;;;;
04/02/2021;-0,01;-0,01;-0,05;;;;;
05/02/2021;0,00;-0,01;-0,05;;;;;
08/02/2021;0,00;0,00;0,03;;;;;
09/02/2021;0,00;0,03;0,07;;;;;
10/02/2021;0,00;-0,03;-0,01;;;;;
11/02/2021;0,00;0,01;0,01;;;;;
12/02/2021;0,02;0,01;0,04;;;;;
17/02/2021;0,01;0,01;-0,02;;;;;
18/02/2021;-0,02;0,00;0,03;;;;;
19/02/2021;0,00;0,01;-0,01;;;;;
22/02/2021;0,01;0,00;-0,01;;;;;
23/02/2021;0,01;0,00;-0,01;;;;;
24/02/2021;0,00;-0,01;-0,02;;;;;
25/02/2021;-0,01;0,01;-0,02;;;;;
26/02/2021;-0,01;0,00;0,06;;;;;
01/03/2021;0,01;0,01;-0,02;;;;;
02/03/2021;0,00;-0,01;-0,03;;;;;
03/03/2021;0,00;0,00;-0,02;;;;;
04/03/2021;0,01;-0,05;-0,05;;;;;
05/03/2021;0,00;0,02;0,01;;;;;
08/03/2021;-0,01;0,00;0,01;;;;;
09/03/2021;0,00;-0,03;-0,05;;;;;
10/03/2021;0,01;-0,02;-0,04;;;;;
11/03/2021;0,00;0,00;-0,03;;;;;
12/03/2021;-0,01;0,01;-0,02;;;;;
15/03/2021;0,02;0,00;-0,05;;;;;
16/03/2021;-0,01;0,01;0,03;;;;;
17/03/2021;-0,01;0,02;0,06;;;;;
18/03/2021;0,01;-0,04;-0,07;;;;;
19/03/2021;0,01;0,01;-0,02;;;;;
22/03/2021;0,01;0,01;0,10;;;;;
23/03/2021;0,02;0,02;0,11;;;;;
24/03/2021;0,01;-0,01;0,01;;;;;
25/03/2021;-0,02;0,01;0,03;;;;;
26/03/2021;0,02;-0,01;-0,07;;;;;
29/03/2021;0,01;0,02;0,03;;;;;
30/03/2021;0,02;-0,01;-0,04;;;;;
31/03/2021;-0,02;0,01;0,07;;;;;
01/04/2021;-0,03;-0,01;-0,01;;;;;
05/04/2021;0,00;-0,01;0,06;;;;;
06/04/2021;0,01;-0,01;-0,03;;;;;
07/04/2021;-0,01;0,02;0,03;;;;;
08/04/2021;0,01;0,01;-0,01;;;;;
09/04/2021;-0,02;0,01;0,00;;;;;
12/04/2021;-0,01;0,01;0,06;;;;;
13/04/2021;0,00;0,00;-0,02;;;;;
14/04/2021;-0,01;-0,01;-0,02;;;;;
15/04/2021;0,01;0,02;0,05;;;;;
16/04/2021;0,02;0,00;0,00;;;;;
19/04/2021;0,01;0,00;-0,01;;;;;
20/04/2021;0,02;0,01;0,00;;;;;
22/04/2021;0,00;-0,01;0,01;;;;;
23/04/2021;-0,01;0,01;0,02;;;;;
26/04/2021;0,00;0,00;-0,02;;;;;
27/04/2021;0,00;0,01;0,05;;;;;
28/04/2021;-0,01;0,00;0,00;;;;;
29/04/2021;-0,01;0,00;0,03;;;;;
30/04/2021;0,00;0,00;0,01;;;;;
03/05/2021;0,01;-0,01;-0,02;;;;;
04/05/2021;0,00;-0,01;0,02;;;;;
05/05/2021;0,01;0,01;0,01;;;;;
06/05/2021;0,00;0,00;0,05;;;;;
07/05/2021;-0,01;-0,01;0,06;;;;;
10/05/2021;0,00;0,01;0,02;;;;;
11/05/2021;-0,01;-0,01;0,00;;;;;
12/05/2021;-0,01;-0,01;-0,04;;;;;
13/05/2021;-0,01;0,00;-0,04;;;;;
14/05/2021;0,00;-0,01;0,00;;;;;
17/05/2021;0,00;0,02;0,02;;;;;
18/05/2021;0,00;0,00;0,00;;;;;
19/05/2021;-0,01;0,02;0,03;;;;;
20/05/2021;-0,01;0,00;0,05;;;;;
21/05/2021;0,01;0,01;0,00;;;;;
24/05/2021;0,00;-0,03;-0,04;;;;;
25/05/2021;0,01;0,01;-0,02;;;;;
26/05/2021;-0,01;0,01;0,04;;;;;
27/05/2021;-0,02;0,01;0,00;;;;;
28/05/2021;-0,01;0,00;0,01;;;;;
31/05/2021;0,00;0,00;-0,03;;;;;
01/06/2021;0,00;0,00;-0,01;;;;;
02/06/2021;0,00;0,00;-0,01;;;;;
04/06/2021;0,01;0,01;0,00;;;;;
07/06/2021;0,00;-0,01;0,00;;;;;
08/06/2021;0,00;0,01;0,03;;;;;
09/06/2021;0,00;0,00;0,00;;;;;
10/06/2021;0,00;0,01;0,02;;;;;
11/06/2021;0,00;0,01;0,00;;;;;
14/06/2021;0,00;0,02;-0,01;;;;;
15/06/2021;0,00;0,01;0,02;;;;;
16/06/2021;0,00;0,00;0,07;;;;;
17/06/2021;0,00;0,00;0,01;;;;;
18/06/2021;-0,01;-0,01;0,02;;;;;
21/06/2021;-0,01;0,00;-0,02;;;;;
22/06/2021;0,00;0,00;-0,01;;;;;
23/06/2021;-0,01;0,00;-0,02;;;;;
24/06/2021;-0,01;0,01;0,02;;;;;
25/06/2021;-0,01;0,00;-0,01;;;;;
28/06/2021;0,00;-0,01;0,02;;;;;
29/06/2021;0,00;-0,01;0,02;;;;;
30/06/2021;0,00;0,00;-0,03;;;;;
01/07/2021;0,00;0,01;0,05;;;;;
02/07/2021;0,01;0,00;0,02;;;;;
05/07/2021;-0,01;0,00;0,02;;;;;
06/07/2021;0,00;0,01;0,00;;;;;
07/07/2021;-0,01;-0,02;-0,02;;;;;
08/07/2021;0,00;0,00;0,04;;;;;
12/07/2021;0,00;0,00;-0,03;;;;;
13/07/2021;0,00;0,00;-0,01;;;;;
14/07/2021;0,00;-0,01;-0,03;;;;;
15/07/2021;-0,01;0,02;0,00;;;;;
16/07/2021;0,00;-0,01;0,01;;;;;
19/07/2021;0,00;-0,01;-0,04;;;;;
20/07/2021;0,00;0,02;-0,01;;;;;
21/07/2021;0,00;-0,01;-0,02;;;;;
22/07/2021;0,01;0,02;0,07;;;;;
23/07/2021;0,00;0,00;0,00;;;;;
26/07/2021;0,00;0,00;-0,01;;;;;
27/07/2021;0,01;-0,01;-0,04;;;;;
28/07/2021;0,02;-0,01;-0,02;;;;;
29/07/2021;0,01;-0,01;-0,03;;;;;
30/07/2021;0,00;0,01;0,00;;;;;
02/08/2021;0,00;0,00;0,00;;;;;
03/08/2021;0,00;0,00;0,00;;;;;
04/08/2021;-0,01;-0,01;-0,03;;;;;
05/08/2021;-0,02;0,01;0,00;;;;;
06/08/2021;0,00;-0,01;-0,05;;;;;
09/08/2021;0,00;0,01;0,02;;;;;
10/08/2021;0,02;0,00;-0,02;;;;;
11/08/2021;0,01;-0,03;-0,03;;;;;
12/08/2021;0,00;0,01;-0,02;;;;;
13/08/2021;-0,01;0,01;-0,01;;;;;
16/08/2021;-0,01;-0,01;-0,03;;;;;
17/08/2021;0,00;0,00;-0,02;;;;;
18/08/2021;0,00;0,01;0,00;;;;;
19/08/2021;0,00;0,00;-0,02;;;;;
20/08/2021;-0,02;-0,01;-0,02;;;;;
23/08/2021;0,01;0,00;-0,01;;;;;
24/08/2021;0,00;-0,01;-0,01;;;;;
25/08/2021;0,02;0,00;-0,03;;;;;
26/08/2021;-0,01;-0,02;-0,09;;;;;
27/08/2021;-0,01;-0,01;0,00;;;;;
30/08/2021;0,02;-0,01;0,03;;;;;
31/08/2021;0,01;0,00;0,08;;;;;
01/09/2021;-0,01;0,01;0,04;;;;;
02/09/2021;0,00;0,00;0,04;;;;;
03/09/2021;0,01;0,02;0,06;;;;;
06/09/2021;0,00;0,01;0,04;;;;;
08/09/2021;0,00;-0,02;-0,03;;;;;
09/09/2021;0,00;0,02;-0,01;;;;;
10/09/2021;0,01;-0,01;0,01;;;;;
13/09/2021;0,02;-0,01;-0,04;;;;;
14/09/2021;0,00;0,01;-0,01;;;;;
15/09/2021;-0,01;-0,02;-0,03;;;;;
16/09/2021;-0,01;0,00;-0,01;;;;;
17/09/2021;-0,01;0,01;0,04;;;;;
20/09/2021;0,00;-0,04;-0,06;;;;;
21/09/2021;0,00;0,02;0,03;;;;;
22/09/2021;0,00;-0,01;0,01;;;;;
23/09/2021;-0,01;0,02;0,09;;;;;
24/09/2021;0,00;0,00;-0,03;;;;;
27/09/2021;0,00;-0,01;0,01;;;;;
28/09/2021;0,00;-0,01;-0,02;;;;;
29/09/2021;0,00;-0,02;-0,04;;;;;
30/09/2021;0,01;-0,02;0,01;;;;;
01/10/2021;0,01;0,01;0,07;;;;;
04/10/2021;-0,01;0,02;0,00;;;;;
05/10/2021;0,00;0,02;0,07;;;;;
06/10/2021;0,00;-0,01;0,01;;;;;
07/10/2021;0,01;0,00;0,00;;;;;
08/10/2021;0,00;-0,03;-0,05;;;;;
11/10/2021;0,01;0,01;-0,01;;;;;
13/10/2021;0,00;0,00;-0,04;;;;;
14/10/2021;-0,01;0,02;0,08;;;;;
15/10/2021;0,00;-0,02;-0,07;;;;;
18/10/2021;0,00;0,00;-0,06;;;;;
19/10/2021;0,01;0,00;0,03;;;;;
20/10/2021;0,00;0,00;-0,05;;;;;
21/10/2021;0,01;0,02;0,02;;;;;
22/10/2021;0,00;-0,01;-0,04;;;;;
25/10/2021;0,00;0,01;0,03;;;;;
26/10/2021;-0,01;0,00;-0,01;;;;;
27/10/2021;0,01;0,01;0,02;;;;;
28/10/2021;0,01;0,00;-0,01;;;;;
29/10/2021;0,01;-0,03;-0,06;;;;;
01/11/2021;0,00;0,00;-0,01;;;;;
03/11/2021;0,00;-0,03;-0,05;;;;;
04/11/2021;0,00;-0,01;-0,03;;;;;
05/11/2021;0,01;0,02;0,06;;;;;
08/11/2021;-0,01;-0,02;-0,07;;;;;
09/11/2021;-0,01;0,00;-0,02;;;;;
10/11/2021;0,01;-0,01;0,00;;;;;
11/11/2021;0,01;-0,02;-0,03;;;;;
12/11/2021;0,00;0,02;0,05;;;;;
16/11/2021;0,02;0,00;-0,01;;;;;
17/11/2021;0,01;-0,02;-0,04;;;;;
18/11/2021;-0,02;0,01;0,05;;;;;
19/11/2021;0,00;0,00;-0,01;;;;;
22/11/2021;0,00;0,01;0,02;;;;;
23/11/2021;0,01;0,00;0,02;;;;;
24/11/2021;0,01;0,02;0,05;;;;;
25/11/2021;0,00;-0,01;-0,09;;;;;
26/11/2021;0,00;-0,02;-0,07;;;;;
29/11/2021;-0,01;-0,01;-0,02;;;;;
30/11/2021;-0,01;0,00;0,00;;;;;
01/12/2021;0,00;0,00;0,01;;;;;
02/12/2021;-0,01;-0,01;-0,03;;;;;
03/12/2021;-0,01;0,02;0,04;;;;;
06/12/2021;-0,01;0,01;0,02;;;;;
07/12/2021;0,00;0,01;0,07;;;;;
08/12/2021;0,01;-0,03;-0,11;;;;;
09/12/2021;0,00;0,01;-0,03;;;;;
10/12/2021;0,01;-0,01;-0,06;;;;;
13/12/2021;0,00;-0,01;-0,02;;;;;
14/12/2021;0,00;0,04;-0,01;;;;;
15/12/2021;0,01;0,01;0,07;;;;;
16/12/2021;-0,01;0,02;0,06;;;;;
17/12/2021;-0,01;0,01;-0,02;;;;;
20/12/2021;0,00;0,01;0,10;;;;;
21/12/2021;0,00;-0,02;0,00;;;;;
22/12/2021;0,00;0,01;0,01;;;;;
23/12/2021;0,00;0,00;-0,03;;;;;
27/12/2021;0,00;-0,01;-0,01;;;;;
28/12/2021;0,00;0,01;0,01;;;;;
29/12/2021;0,01;0,01;-0,02;;;;;
30/12/2021;-0,01;-0,01;-0,01;;;;;
03/01/2022;-0,01;-0,02;-0,09;;;;;
04/01/2022;0,00;0,00;0,02;;;;;
05/01/2022;0,01;0,00;0,00;;;;;
06/01/2022;0,01;0,00;-0,03;;;;;
07/01/2022;0,00;0,01;0,00;;;;;
10/01/2022;0,01;-0,01;0,03;;;;;
11/01/2022;0,00;-0,01;-0,07;;;;;
12/01/2022;0,00;0,01;0,02;;;;;
13/01/2022;0,00;-0,01;-0,04;;;;;
14/01/2022;0,01;0,00;-0,07;;;;;
17/01/2022;0,00;-0,02;-0,07;;;;;
18/01/2022;-0,01;0,01;0,01;;;;;
19/01/2022;-0,01;0,01;0,02;;;;;
20/01/2022;0,00;-0,01;0,01;;;;;
21/01/2022;0,00;0,02;0,00;;;;;
24/01/2022;0,00;0,02;0,03;;;;;
25/01/2022;-0,01;0,00;0,00;;;;;
26/01/2022;0,00;0,01;-0,02;;;;;
27/01/2022;0,01;0,00;-0,01;;;;;
28/01/2022;0,01;0,00;-0,04;;;;;
31/01/2022;0,00;0,01;0,04;;;;;
01/02/2022;0,01;0,01;0,10;;;;;
02/02/2022;-0,01;0,00;0,00;;;;;
03/02/2022;0,00;-0,01;0,00;;;;;
04/02/2022;-0,01;0,02;0,02;;;;;
07/02/2022;-0,01;0,02;0,05;;;;;
08/02/2022;-0,01;0,01;0,02;;;;;
09/02/2022;0,00;-0,01;-0,01;;;;;
10/02/2022;-0,01;0,01;0,06;;;;;
11/02/2022;0,00;0,01;-0,01;;;;;
14/02/2022;0,00;-0,01;-0,06;;;;;
15/02/2022;-0,01;0,00;0,02;;;;;
16/02/2022;0,00;0,00;-0,05;;;;;
17/02/2022;0,01;0,00;-0,02;;;;;
18/02/2022;0,00;0,00;0,02;;;;;
21/02/2022;-0,01;0,00;0,04;;;;;
22/02/2022;-0,01;0,01;0,02;;;;;
23/02/2022;0,00;0,00;-0,05;;;;;
24/02/2022;-0,01;0,00;0,01;;;;;
25/02/2022;-0,01;0,01;0,07;;;;;
02/03/2022;0,00;0,00;0,06;;;;;
03/03/2022;0,00;-0,01;-0,03;;;;;
04/03/2022;0,00;-0,01;-0,04;;;;;
07/03/2022;-0,01;-0,01;-0,06;;;;;
08/03/2022;0,00;0,01;0,05;;;;;
09/03/2022;0,00;-0,01;-0,06;;;;;
10/03/2022;-0,01;0,00;-0,04;;;;;
11/03/2022;0,00;0,01;0,00;;;;;
14/03/2022;0,00;0,02;-0,03;;;;;
15/03/2022;0,00;0,00;-0,03;;;;;
16/03/2022;0,00;-0,01;-0,07;;;;;
17/03/2022;0,00;-0,03;-0,10;;;;;
18/03/2022;0,00;0,00;0,00;;;;;
21/03/2022;-0,01;0,02;0,17;;;;;
22/03/2022;-0,01;0,00;-0,04;;;;;
23/03/2022;-0,01;-0,02;-0,05;;;;;
24/03/2022;0,02;-0,02;-0,05;;;;;
25/03/2022;0,00;-0,01;0,00;;;;;
28/03/2022;0,00;0,02;0,17;;;;;
29/03/2022;-0,02;0,02;0,04;;;;;
30/03/2022;0,01;0,02;0,10;;;;;
31/03/2022;0,00;0,01;0,01;;;;;
01/04/2022;0,01;0,01;0,02;;;;;
04/04/2022;-0,02;0,00;0,05;;;;;
05/04/2022;0,01;0,01;0,06;;;;;
06/04/2022;-0,01;0,00;0,04;;;;;
07/04/2022;0,01;0,00;0,00;;;;;
08/04/2022;0,01;0,01;0,04;;;;;
11/04/2022;0,00;0,00;-0,02;;;;;
12/04/2022;-0,01;0,00;0,03;;;;;
13/04/2022;-0,01;0,01;0,01;;;;;
14/04/2022;-0,01;0,00;0,01;;;;;
18/04/2022;-0,01;-0,02;0,01;;;;;
19/04/2022;-0,01;-0,01;-0,09;;;;;
20/04/2022;-0,01;0,01;0,00;;;;;
22/04/2022;-0,01;0,00;-0,05;;;;;
25/04/2022;0,00;-0,01;-0,01;;;;;
26/04/2022;-0,01;-0,01;0,01;;;;;
27/04/2022;0,00;0,01;-0,03;;;;;
28/04/2022;0,00;-0,01;-0,01;;;;;
29/04/2022;-0,01;0,00;0,00;;;;;
02/05/2022;-0,02;-0,01;0,01;;;;;
03/05/2022;0,00;-0,01;0,00;;;;;
04/05/2022;0,01;-0,03;-0,05;;;;;
05/05/2022;0,01;0,00;0,02;;;;;
06/05/2022;0,00;-0,02;-0,06;;;;;
09/05/2022;-0,01;0,01;0,02;;;;;
10/05/2022;-0,01;0,01;-0,01;;;;;
11/05/2022;0,01;-0,02;-0,01;;;;;
12/05/2022;0,01;-0,01;-0,03;;;;;
13/05/2022;-0,01;0,00;-0,03;;;;;
16/05/2022;0,00;0,02;0,04;;;;;
17/05/2022;-0,01;-0,03;-0,06;;;;;
18/05/2022;0,02;0,00;-0,02;;;;;
19/05/2022;0,03;-0,02;-0,06;;;;;
20/05/2022;0,02;0,00;0,06;;;;;
23/05/2022;0,01;0,01;-0,05;;;;;
24/05/2022;0,00;0,01;0,06;;;;;
25/05/2022;-0,02;0,01;0,10;;;;;
26/05/2022;0,02;0,01;0,00;;;;;
27/05/2022;0,00;0,01;0,00;;;;;
30/05/2022;0,00;-0,02;-0,04;;;;;
31/05/2022;0,00;0,01;0,00;;;;;
01/06/2022;0,01;0,01;-0,01;;;;;
02/06/2022;0,01;0,02;-0,03;;;;;
03/06/2022;0,00;0,00;-0,06;;;;;
06/06/2022;0,00;0,00;-0,04;;;;;
07/06/2022;0,00;0,01;0,07;;;;;
08/06/2022;-0,01;0,00;-0,02;;;;;
09/06/2022;-0,01;-0,01;-0,03;;;;;
10/06/2022;-0,02;0,00;-0,01;;;;;
13/06/2022;0,00;0,00;-0,01;;;;;
14/06/2022;-0,01;0,01;0,00;;;;;
15/06/2022;-0,01;-0,01;-0,02;;;;;
17/06/2022;-0,02;-0,01;-0,03;;;;;
20/06/2022;0,00;0,00;0,00;;;;;
21/06/2022;0,01;-0,02;-0,02;;;;;
22/06/2022;-0,01;-0,01;-0,02;;;;;
23/06/2022;-0,01;-0,02;-0,05;;;;;
24/06/2022;0,00;-0,03;-0,12;;;;;
27/06/2022;0,00;-0,01;-0,06;;;;;
28/06/2022;0,01;0,01;0,13;;;;;
29/06/2022;0,00;-0,03;0,11;;;;;
30/06/2022;0,00;0,00;-0,02;;;;;
01/07/2022;0,00;0,00;-0,01;;;;;
04/07/2022;0,02;0,00;-0,04;;;;;
05/07/2022;0,00;-0,01;-0,02;;;;;
06/07/2022;0,00;0,01;-0,04;;;;;
07/07/2022;0,02;0,02;-0,05;;;;;
08/07/2022;0,02;0,00;-0,05;;;;;
11/07/2022;0,00;-0,01;-0,06;;;;;
12/07/2022;0,00;-0,01;-0,03;;;;;
13/07/2022;0,00;0,00;0,00;;;;;
14/07/2022;0,01;0,00;-0,03;;;;;
15/07/2022;0,00;0,00;0,00;;;;;
18/07/2022;0,00;0,00;0,00;;;;;
19/07/2022;0,01;0,02;0,10;;;;;
20/07/2022;0,01;0,00;-0,04;;;;;
21/07/2022;0,00;-0,02;-0,05;;;;;
22/07/2022;0,00;0,00;0,01;;;;;
25/07/2022;0,00;0,00;-0,01;;;;;
26/07/2022;0,00;-0,02;0,00;;;;;
27/07/2022;0,01;0,00;-0,05;;;;;
28/07/2022;0,00;0,00;-0,01;;;;;
29/07/2022;0,02;0,01;0,02;;;;;
01/08/2022;0,01;0,00;0,07;;;;;
02/08/2022;-0,01;0,01;0,00;;;;;
03/08/2022;-0,01;0,00;-0,04;;;;;
04/08/2022;0,01;0,01;-0,03;;;;;
05/08/2022;0,01;0,00;-0,03;;;;;
08/08/2022;0,00;0,02;0,07;;;;;
09/08/2022;0,01;0,01;0,04;;;;;
10/08/2022;-0,01;0,01;-0,01;;;;;
11/08/2022;-0,01;-0,01;-0,01;;;;;
12/08/2022;0,00;0,01;-0,02;;;;;
15/08/2022;0,01;0,00;0,07;;;;;
16/08/2022;0,01;0,02;0,09;;;;;
17/08/2022;0,00;0,01;-0,03;;;;;
18/08/2022;-0,01;0,02;0,02;;;;;
19/08/2022;-0,01;0,00;-0,11;;;;;
22/08/2022;-0,01;0,01;-0,01;;;;;
23/08/2022;-0,02;0,00;-0,01;;;;;
24/08/2022;-0,01;0,03;0,03;;;;;
25/08/2022;-0,01;0,00;0,10;;;;;
26/08/2022;0,01;0,00;0,00;;;;;
29/08/2022;0,01;0,00;0,00;;;;;
30/08/2022;-0,01;0,00;-0,04;;;;;
31/08/2022;0,00;-0,02;-0,06;;;;;
01/09/2022;-0,02;-0,01;-0,02;;;;;
02/09/2022;0,00;0,02;0,03;;;;;
05/09/2022;-0,01;0,00;0,11;;;;;
06/09/2022;0,01;0,01;0,03;;;;;
08/09/2022;0,00;-0,01;-0,03;;;;;
09/09/2022;0,00;0,00;0,03;;;;;
12/09/2022;0,01;-0,02;-0,08;;;;;
13/09/2022;0,01;-0,01;0,01;;;;;
14/09/2022;0,00;0,01;0,02;;;;;
15/09/2022;0,00;0,00;-0,01;;;;;
16/09/2022;0,00;0,01;0,00;;;;;
19/09/2022;-0,01;-0,02;-0,07;;;;;
20/09/2022;0,00;0,00;0,03;;;;;
21/09/2022;0,00;0,02;0,07;;;;;
22/09/2022;-0,01;0,01;0,03;;;;;
23/09/2022;-0,01;-0,02;-0,02;;;;;
26/09/2022;0,00;0,00;-0,03;;;;;
27/09/2022;0,02;-0,01;-0,04;;;;;
28/09/2022;0,00;-0,01;-0,02;;;;;
29/09/2022;0,00;0,02;0,03;;;;;
30/09/2022;0,00;0,01;-0,04;;;;;
03/10/2022;0,01;-0,01;0,01;;;;;
04/10/2022;0,00;0,02;-0,03;;;;;
05/10/2022;-0,01;-0,02;-0,03;;;;;
06/10/2022;-0,01;-0,02;-0,05;;;;;
07/10/2022;0,01;-0,01;0,00;;;;;
10/10/2022;0,00;0,00;0,01;;;;;
11/10/2022;0,01;-0,01;-0,06;;;;;
13/10/2022;0,01;0,02;0,04;;;;;
14/10/2022;-0,01;0,06;0,07;;;;;
17/10/2022;-0,01;0,00;0,02;;;;;
18/10/2022;0,00;0,01;0,02;;;;;
19/10/2022;0,00;0,00;0,02;;;;;
20/10/2022;0,01;-0,01;-0,02;;;;;
21/10/2022;0,02;0,00;-0,01;;;;;
24/10/2022;0,00;-0,01;-0,05;;;;;
25/10/2022;0,00;0,00;0,02;;;;;
26/10/2022;0,01;-0,02;-0,05;;;;;
27/10/2022;0,00;0,01;0,09;;;;;
28/10/2022;-0,04;0,02;0,03;;;;;
31/10/2022;-0,01;0,00;-0,02;;;;;
01/11/2022;0,01;0,01;-0,03;;;;;
03/11/2022;0,00;0,02;0,01;;;;;
04/11/2022;0,00;-0,03;0,01;;;;;
07/11/2022;-0,01;-0,01;-0,03;;;;;
08/11/2022;0,00;-0,02;-0,08;;;;;
09/11/2022;0,02;0,02;0,03;;;;;
10/11/2022;0,00;0,00;0,03;;;;;
11/11/2022;0,00;0,01;0,10;;;;;
14/11/2022;0,00;0,01;0,03;;;;;
16/11/2022;0,00;0,00;0,00;;;;;
17/11/2022;-0,01;0,01;-0,03;;;;;
18/11/2022;0,00;-0,02;-0,07;;;;;
21/11/2022;0,02;0,01;-0,01;;;;;
22/11/2022;0,01;-0,02;-0,01;;;;;
23/11/2022;0,00;-0,03;-0,13;;;;;
24/11/2022;0,00;0,02;0,01;;;;;
25/11/2022;0,01;0,01;0,04;;;;;
28/11/2022;-0,02;-0,03;-0,05;;;;;
29/11/2022;-0,02;0,00;-0,04;;;;;
30/11/2022;0,00;-0,01;0,02;;;;;
01/12/2022;-0,02;0,01;0,01;;;;;
02/12/2022;0,01;-0,01;-0,03;;;;;
05/12/2022;0,02;0,00;-0,07;;;;;
06/12/2022;0,00;0,03;0,05;;;;;
07/12/2022;0,03;-0,03;-0,07;;;;;
08/12/2022;0,00;0,00;-0,06;;;;;
09/12/2022;0,00;0,02;0,00;;;;;
12/12/2022;0,00;0,01;0,06;;;;;
13/12/2022;0,03;-0,01;0,00;;;;;
14/12/2022;-0,02;0,01;-0,01;;;;;
15/12/2022;0,00;-0,02;-0,07;;;;;
16/12/2022;0,00;0,00;0,00;;;;;
19/12/2022;0,01;0,00;0,03;;;;;
20/12/2022;-0,01;-0,02;-0,10;;;;;
21/12/2022;0,01;0,00;-0,01;;;;;
22/12/2022;0,01;-0,02;0,00;;;;;
23/12/2022;-0,01;-0,01;0,00;;;;;
26/12/2022;0,00;0,00;-0,02;;;;;
27/12/2022;-0,02;0,00;-0,05;;;;;
28/12/2022;0,00;-0,01;-0,08;;;;;
29/12/2022;0,01;0,02;0,10;;;;;
02/01/2023;0,00;0,02;0,06;;;;;
03/01/2023;0,00;0,00;0,04;;;;;
04/01/2023;0,00;0,00;-0,01;;;;;
05/01/2023;0,01;0,02;0,08;;;;;
06/01/2023;0,01;-0,01;0,00;;;;;
09/01/2023;-0,01;0,00;-0,07;;;;;
10/01/2023;0,01;0,02;0,04;;;;;
11/01/2023;0,00;0,00;-0,02;;;;;
12/01/2023;-0,01;-0,03;-0,05;;;;;
13/01/2023;0,01;-0,02;-0,06;;;;;
16/01/2023;-0,01;0,01;0,07;;;;;
17/01/2023;-0,01;0,02;0,02;;;;;
18/01/2023;0,00;0,01;0,06;;;;;
19/01/2023;-0,01;0,00;0,05;;;;;
20/01/2023;0,01;0,02;0,05;;;;;
23/01/2023;0,02;0,01;-0,01;;;;;
24/01/2023;0,00;0,00;-0,03;;;;;
25/01/2023;-0,01;-0,01;-0,06;;;;;
26/01/2023;0,00;-0,02;-0,04;;;;;
27/01/2023;0,02;0,02;-0,02;;;;;
30/01/2023;0,01;0,01;-0,03;;;;;
31/01/2023;0,01;0,00;0,01;;;;;
01/02/2023;-0,01;-0,01;-0,02;;;;;
02/02/2023;-0,02;-0,01;0,00;;;;;
03/02/2023;0,00;0,01;0,09;;;;;
06/02/2023;-0,01;0,01;0,03;;;;;
07/02/2023;-0,01;0,00;0,04;;;;;
08/02/2023;-0,01;-0,01;0,06;;;;;
09/02/2023;0,00;-0,01;-0,14;;;;;
10/02/2023;0,00;0,01;0,02;;;;;
13/02/2023;0,00;-0,01;0,00;;;;;
14/02/2023;-0,01;-0,02;0,03;;;;;
15/02/2023;0,02;-0,01;-0,06;;;;;
16/02/2023;0,00;0,00;-0,02;;;;;
17/02/2023;0,00;0,00;-0,03;;;;;
22/02/2023;0,00;0,02;0,01;;;;;
23/02/2023;-0,01;-0,02;-0,06;;;;;
24/02/2023;0,00;0,00;-0,04;;;;;
27/02/2023;0,00;0,01;-0,02;;;;;
28/02/2023;0,00;-0,01;-0,07;;;;;
01/03/2023;0,00;0,02;0,00;;;;;
02/03/2023;-0,01;0,00;0,07;;;;;
03/03/2023;-0,02;-0,01;-0,01;;;;;
06/03/2023;0,02;-0,02;-0,03;;;;;
07/03/2023;0,01;0,01;-0,03;;;;;
08/03/2023;0,00;-0,02;-0,02;;;;;
09/03/2023;0,01;0,00;-0,04;;;;;
10/03/2023;0,01;-0,01;-0,07;;;;;
13/03/2023;0,00;-0,01;-0,05;;;;;
14/03/2023;-0,01;-0,01;-0,03;;;;;
15/03/2023;-0,01;0,01;0,00;;;;;
16/03/2023;0,01;0,01;0,19;;;;;
17/03/2023;0,00;0,00;0,10;;;;;
20/03/2023;-0,01;0,02;0,04;;;;;
21/03/2023;-0,01;-0,01;0,10;;;;;
22/03/2023;-0,01;-0,01;-0,18;;;;;
23/03/2023;0,01;0,00;0,03;;;;;
24/03/2023;0,00;0,00;-0,08;;;;;
27/03/2023;0,00;0,00;-0,06;;;;;
28/03/2023;0,00;0,01;0,08;;;;;
29/03/2023;0,00;-0,01;-0,02;;;;;
30/03/2023;0,00;-0,01;-0,04;;;;;
31/03/2023;0,00;0,00;0,03;;;;;
03/04/2023;0,00;-0,01;-0,02;;;;;
04/04/2023;-0,01;-0,02;-0,05;;;;;
05/04/2023;0,00;0,01;0,05;;;;;
06/04/2023;0,01;0,01;-0,05;;;;;
10/04/2023;0,01;0,02;0,02;;;;;
11/04/2023;0,00;0,01;0,00;;;;;
12/04/2023;0,01;0,02;0,08;;;;;
13/04/2023;0,00;-0,02;-0,05;;;;;
14/04/2023;0,00;0,00;-0,04;;;;;
17/04/2023;0,00;0,00;-0,05;;;;;
18/04/2023;0,00;-0,01;-0,01;;;;;
19/04/2023;0,00;0,00;-0,01;;;;;
20/04/2023;0,00;0,01;0,03;;;;;
24/04/2023;0,01;0,04;0,12;;;;;
25/04/2023;-0,01;0,01;0,03;;;;;
26/04/2023;-0,01;0,00;0,02;;;;;
27/04/2023;0,00;0,00;-0,01;;;;;
28/04/2023;0,00;0,00;0,01;;;;;
02/05/2023;-0,01;0,00;-0,08;;;;;
03/05/2023;0,00;-0,02;-0,05;;;;;
04/05/2023;0,00;0,00;0,01;;;;;
05/05/2023;-0,01;0,00;-0,01;;;;;
08/05/2023;0,00;-0,01;-0,05;;;;;
09/05/2023;0,00;-0,01;-0,05;;;;;
10/05/2023;-0,01;0,01;-0,03;;;;;
11/05/2023;-0,01;0,01;0,07;;;;;
12/05/2023;-0,01;-0,02;-0,03;;;;;
15/05/2023;0,01;0,00;0,03;;;;;
16/05/2023;0,00;0,00;0,04;;;;;
17/05/2023;0,01;0,03;0,09;;;;;
18/05/2023;0,02;0,01;0,00;;;;;
19/05/2023;0,00;0,01;0,04;;;;;
22/05/2023;0,00;0,00;0,01;;;;;
23/05/2023;0,00;0,01;0,04;;;;;
24/05/2023;0,00;0,00;-0,03;;;;;
25/05/2023;-0,01;0,01;-0,04;;;;;
26/05/2023;0,00;-0,01;-0,07;;;;;
29/05/2023;0,01;0,01;0,02;;;;;
30/05/2023;0,00;0,01;0,03;;;;;
31/05/2023;0,00;0,01;-0,01;;;;;
01/06/2023;-0,01;0,00;0,05;;;;;
02/06/2023;0,00;0,00;-0,05;;;;;
05/06/2023;0,01;-0,01;-0,08;;;;;
06/06/2023;-0,01;0,01;-0,05;;;;;
07/06/2023;0,00;0,01;0,11;;;;;
09/06/2023;-0,01;-0,01;0,04;;;;;
12/06/2023;0,00;-0,01;-0,04;;;;;
13/06/2023;0,00;-0,01;0,13;;;;;
14/06/2023;0,01;0,02;0,07;;;;;
15/06/2023;0,00;0,02;-0,01;;;;;
16/06/2023;0,00;0,00;0,11;;;;;
19/06/2023;0,00;0,02;0,05;;;;;
20/06/2023;0,00;0,01;-0,01;;;;;
21/06/2023;0,00;0,01;0,10;;;;;
22/06/2023;0,01;0,00;-0,02;;;;;
23/06/2023;0,00;-0,01;-0,07;;;;;
26/06/2023;0,00;0,02;0,07;;;;;
27/06/2023;0,01;0,00;0,04;;;;;
28/06/2023;0,01;0,00;0,06;;;;;
29/06/2023;-0,01;0,01;-0,05;;;;;
30/06/2023;-0,02;0,00;-0,02;;;;;
03/07/2023;-0,01;0,01;-0,05;;;;;
04/07/2023;0,00;-0,01;-0,04;;;;;
05/07/2023;0,00;0,00;-0,01;;;;;
06/07/2023;0,00;-0,01;-0,08;;;;;
07/07/2023;0,00;-0,01;-0,02;;;;;
10/07/2023;-0,01;-0,01;0,00;;;;;
11/07/2023;0,00;0,01;0,02;;;;;
12/07/2023;0,00;0,00;0,01;;;;;
13/07/2023;0,00;0,01;0,01;;;;;
14/07/2023;-0,01;0,00;-0,01;;;;;
17/07/2023;0,00;0,00;-0,02;;;;;
18/07/2023;0,00;-0,02;-0,06;;;;;
19/07/2023;0,00;0,01;0,06;;;;;
20/07/2023;0,00;-0,01;-0,02;;;;;
21/07/2023;0,00;-0,01;-0,03;;;;;
24/07/2023;0,00;0,00;-0,02;;;;;
25/07/2023;0,01;0,01;-0,01;;;;;
26/07/2023;0,00;-0,01;-0,03;;;;;
27/07/2023;-0,01;0,00;0,02;;;;;
28/07/2023;-0,01;0,00;0,01;;;;;
31/07/2023;0,00;0,00;-0,03;;;;;
01/08/2023;0,01;0,00;-0,01;;;;;
02/08/2023;0,01;0,02;0,04;;;;;
03/08/2023;0,00;0,01;-0,01;;;;;
04/08/2023;0,00;0,01;0,00;;;;;
07/08/2023;0,00;0,00;0,00;;;;;
08/08/2023;-0,02;-0,02;-0,02;;;;;
09/08/2023;0,00;0,00;0,00;;;;;
10/08/2023;0,00;0,01;-0,02;;;;;
11/08/2023;0,01;-0,01;0,01;;;;;
14/08/2023;-0,01;0,00;-0,01;;;;;
15/08/2023;0,00;0,00;0,01;;;;;
16/08/2023;0,00;-0,01;0,00;;;;;
17/08/2023;0,00;0,00;-0,04;;;;;
18/08/2023;-0,01;0,00;-0,01;;;;;
21/08/2023;0,00;-0,01;-0,08;;;;;
22/08/2023;0,00;0,00;0,02;;;;;
23/08/2023;0,00;0,00;-0,01;;;;;
24/08/2023;0,00;-0,01;-0,02;;;;;
25/08/2023;0,00;-0,01;-0,04;;;;;
28/08/2023;0,01;0,00;0,00;;;;;
29/08/2023;0,01;-0,01;0,01;;;;;
30/08/2023;0,01;0,00;0,01;;;;;
31/08/2023;0,00;-0,01;-0,03;;;;;
01/09/2023;0,01;0,02;0,02;;;;;
04/09/2023;0,00;0,02;0,00;;;;;
05/09/2023;0,00;-0,01;-0,04;;;;;
06/09/2023;-0,01;-0,01;-0,07;;;;;
08/09/2023;0,01;0,01;-0,03;;;;;
11/09/2023;0,01;0,01;0,06;;;;;
12/09/2023;0,01;-0,01;0,17;;;;;
13/09/2023;0,00;-0,02;-0,09;;;;;
14/09/2023;0,00;0,02;0,04;;;;;
15/09/2023;0,00;0,00;0,00;;;;;
18/09/2023;0,00;0,00;-0,06;;;;;
19/09/2023;-0,01;-0,01;-0,05;;;;;
20/09/2023;-0,01;-0,01;0,01;;;;;
21/09/2023;0,00;0,01;0,01;;;;;
22/09/2023;0,00;0,01;0,04;;;;;
25/09/2023;0,00;0,00;-0,01;;;;;
26/09/2023;0,00;0,01;-0,02;;;;;
27/09/2023;0,00;-0,01;-0,04;;;;;
28/09/2023;0,01;0,00;-0,01;;;;;
29/09/2023;0,00;0,00;-0,02;;;;;
02/10/2023;0,00;0,01;0,08;;;;;
03/10/2023;0,01;-0,02;-0,05;;;;;
04/10/2023;0,00;0,00;0,00;;;;;
05/10/2023;0,00;0,00;0,06;;;;;
06/10/2023;-0,01;-0,01;0,00;;;;;
09/10/2023;0,00;0,00;0,03;;;;;
10/10/2023;-0,01;0,01;0,07;;;;;
11/10/2023;-0,01;0,01;-0,03;;;;;
13/10/2023;0,00;-0,01;-0,05;;;;;
16/10/2023;0,00;-0,01;-0,02;;;;;
17/10/2023;0,00;0,00;0,08;;;;;
18/10/2023;0,00;0,00;0,04;;;;;
19/10/2023;0,02;0,01;-0,03;;;;;
20/10/2023;0,00;0,01;0,03;;;;;
23/10/2023;0,01;0,01;0,16;;;;;
24/10/2023;0,00;0,00;-0,03;;;;;
25/10/2023;0,01;-0,01;-0,04;;;;;
26/10/2023;0,00;0,01;0,00;;;;;
27/10/2023;-0,01;-0,01;-0,04;;;;;
30/10/2023;0,01;-0,02;-0,03;;;;;
31/10/2023;0,01;0,00;-0,06;;;;;
01/11/2023;0,01;-0,01;-0,02;;;;;
03/11/2023;0,00;0,00;0,09;;;;;
06/11/2023;0,00;0,01;0,05;;;;;
07/11/2023;0,00;-0,01;0,01;;;;;
08/11/2023;-0,02;0,02;0,02;;;;;
09/11/2023;-0,01;-0,01;-0,04;;;;;
10/11/2023;0,00;-0,01;-0,04;;;;;
13/11/2023;0,00;0,01;0,00;;;;;
14/11/2023;0,00;0,02;0,09;;;;;
16/11/2023;0,00;0,03;0,09;;;;;
17/11/2023;0,00;0,00;-0,09;;;;;
20/11/2023;0,00;0,01;0,07;;;;;
21/11/2023;-0,01;0,00;-0,02;;;;;
22/11/2023;0,00;0,00;-0,03;;;;;
23/11/2023;0,00;0,01;0,01;;;;;
24/11/2023;0,00;0,00;-0,04;;;;;
27/11/2023;-0,01;0,02;0,07;;;;;
28/11/2023;0,01;0,01;0,04;;;;;
29/11/2023;0,01;0,00;-0,04;;;;;
30/11/2023;-0,01;0,01;-0,02;;;;;
01/12/2023;-0,03;0,00;0,01;;;;;
04/12/2023;0,00;0,00;-0,01;;;;;
05/12/2023;-0,01;0,00;0,07;;;;;
06/12/2023;0,00;-0,01;0,02;;;;;
07/12/2023;0,00;0,00;-0,02;;;;;
08/12/2023;0,00;0,01;0,02;;;;;
11/12/2023;0,00;0,00;-0,01;;;;;
12/12/2023;-0,01;0,01;0,02;;;;;
13/12/2023;0,00;0,01;0,04;;;;;
14/12/2023;0,01;-0,01;-0,05;;;;;
15/12/2023;0,00;0,00;0,08;;;;;
18/12/2023;0,00;-0,01;0,03;;;;;
19/12/2023;0,00;0,00;0,01;;;;;
20/12/2023;0,00;0,01;-0,04;;;;;
21/12/2023;0,00;0,00;0,00;;;;;
22/12/2023;0,00;0,00;0,03;;;;;
26/12/2023;0,00;0,02;0,05;;;;;
27/12/2023;0,00;0,01;-0,02;;;;;
28/12/2023;0,01;0,00;0,00;;;;;
02/01/2024;0,00;0,01;0,00;;;;;
03/01/2024;0,00;0,01;0,02;;;;;
04/01/2024;0,01;-0,01;-0,02;;;;;
05/01/2024;-0,01;0,01;0,03;;;;;
08/01/2024;0,00;0,00;0,00;;;;;
09/01/2024;0,00;0,01;0,01;;;;;
10/01/2024;0,01;0,00;0,01;;;;;
11/01/2024;0,00;0,00;-0,13;;;;;
12/01/2024;0,00;-0,01;-0,06;;;;;
15/01/2024;-0,01;0,00;-0,01;;;;;
16/01/2024;0,01;-0,01;-0,02;;;;;
17/01/2024;0,00;0,01;0,00;;;;;
18/01/2024;-0,01;0,00;0,04;;;;;
19/01/2024;0,00;-0,01;0,02;;;;;
22/01/2024;0,00;0,00;-0,04;;;;;
23/01/2024;0,00;0,00;-0,01;;;;;
24/01/2024;-0,01;0,00;0,03;;;;;
25/01/2024;0,00;0,00;0,01;;;;;
26/01/2024;0,00;-0,02;-0,02;;;;;
29/01/2024;0,00;-0,01;-0,03;;;;;
30/01/2024;0,01;-0,01;0,02;;;;;
31/01/2024;0,01;0,00;0,00;;;;;
01/02/2024;0,00;-0,01;-0,02;;;;;
02/02/2024;-0,01;0,01;0,02;;;;;
05/02/2024;0,00;0,00;-0,02;;;;;
06/02/2024;0,00;0,00;0,02;;;;;
07/02/2024;0,00;0,01;-0,04;;;;;
08/02/2024;0,00;0,00;-0,03;;;;;
09/02/2024;-0,01;-0,01;-0,03;;;;;
14/02/2024;0,00;0,00;0,01;;;;;
15/02/2024;0,01;0,01;0,05;;;;;
16/02/2024;0,01;-0,01;-0,01;;;;;
19/02/2024;0,00;0,00;0,01;;;;;
20/02/2024;0,00;0,02;0,03;;;;;
21/02/2024;0,01;-0,01;-0,02;;;;;
22/02/2024;0,00;-0,01;0,02;;;;;
23/02/2024;-0,01;0,00;0,01;;;;;
26/02/2024;0,00;-0,01;0,00;;;;;
27/02/2024;0,00;0,01;-0,01;;;;;
28/02/2024;0,00;0,01;0,00;;;;;
29/02/2024;0,01;0,00;0,05;;;;;
01/03/2024;0,00;0,01;0,01;;;;;
04/03/2024;0,00;0,00;-0,03;;;;;
05/03/2024;0,00;0,00;0,01;;;;;
06/03/2024;0,01;-0,01;-0,02;;;;;
07/03/2024;-0,01;0,00;-0,01;;;;;
08/03/2024;0,00;0,02;0,05;;;;;
11/03/2024;0,00;-0,01;0,00;;;;;
12/03/2024;0,00;-0,01;0,02;;;;;
13/03/2024;0,00;0,00;0,02;;;;;
14/03/2024;0,00;-0,01;-0,03;;;;;
15/03/2024;0,00;0,00;0,05;;;;;
18/03/2024;0,00;0,01;-0,04;;;;;
19/03/2024;0,00;0,00;-0,03;;;;;
20/03/2024;0,00;-0,01;0,02;;;;;
21/03/2024;0,00;-0,01;-0,03;;;;;
22/03/2024;0,01;0,01;0,03;;;;;
25/03/2024;0,00;0,00;0,01;;;;;
26/03/2024;0,00;0,00;-0,02;;;;;
27/03/2024;0,00;-0,01;0,01;;;;;
28/03/2024;0,01;0,00;-0,01;;;;;
01/04/2024;0,00;0,00;0,01;;;;;
02/04/2024;0,00;0,01;0,05;;;;;
03/04/2024;0,00;-0,01;-0,05;;;;;
04/04/2024;0,00;-0,01;-0,04;;;;;
05/04/2024;0,00;0,00;0,01;;;;;
08/04/2024;0,01;0,00;-0,02;;;;;
09/04/2024;0,00;0,01;-0,06;;;;;
10/04/2024;0,00;0,00;-0,04;;;;;
11/04/2024;0,00;-0,01;-0,06;;;;;
12/04/2024;0,00;0,00;-0,01;;;;;
15/04/2024;0,00;0,00;0,00;;;;;
16/04/2024;0,00;0,00;0,03;;;;;
17/04/2024;0,00;0,00;-0,01;;;;;
18/04/2024;0,00;0,02;-0,02;;;;;
19/04/2024;-0,01;0,01;-0,03;;;;;
22/04/2024;0,00;-0,01;-0,05;;;;;
23/04/2024;0,00;-0,01;-0,04;;;;;
24/04/2024;0,00;-0,01;-0,05;;;;;
25/04/2024;0,00;0,00;-0,09;;;;;
26/04/2024;0,00;-0,01;-0,02;;;;;
29/04/2024;0,01;0,00;-0,05;;;;;
30/04/2024;0,00;0,00;-0,04;;;;;
02/05/2024;0,00;0,01;0,07;;;;;
03/05/2024;-0,01;0,00;0,11;;;;;
06/05/2024;0,01;0,00;-0,02;;;;;
07/05/2024;0,00;0,00;-0,04;;;;;
08/05/2024;-0,01;0,00;0,00;;;;;
09/05/2024;0,01;0,02;0,00;;;;;
10/05/2024;0,00;0,01;0,03;;;;;
13/05/2024;0,01;-0,01;-0,03;;;;;
14/05/2024;0,01;0,01;0,12;;;;;
15/05/2024;0,02;0,01;0,06;;;;;
16/05/2024;0,00;0,00;-0,01;;;;;
17/05/2024;0,00;0,01;-0,02;;;;;
20/05/2024;0,00;0,00;0,02;;;;;
21/05/2024;0,00;-0,01;-0,04;;;;;
22/05/2024;-0,01;0,00;-0,01;;;;;
23/05/2024;0,00;0,00;-0,02;;;;;
24/05/2024;0,00;0,00;0,01;;;;;
27/05/2024;-0,01;0,00;-0,04;;;;;
28/05/2024;0,00;0,00;-0,07;;;;;
29/05/2024;0,01;0,00;0,01;;;;;
31/05/2024;-0,01;0,00;0,01;;;;;
03/06/2024;-0,01;0,00;0,00;;;;;
04/06/2024;0,00;-0,01;-0,02;;;;;
05/06/2024;0,00;-0,01;0,02;;;;;
06/06/2024;0,01;0,00;0,00;;;;;
07/06/2024;0,01;0,00;0,03;;;;;
10/06/2024;0,00;-0,01;-0,03;;;;;
11/06/2024;0,00;-0,01;-0,03;;;;;
12/06/2024;0,00;0,00;-0,03;;;;;
13/06/2024;0,00;0,00;0,01;;;;;
14/06/2024;0,00;0,00;-0,01;;;;;
17/06/2024;0,00;0,00;-0,02;;;;;
18/06/2024;0,00;0,01;0,02;;;;;
19/06/2024;0,00;-0,02;-0,02;;;;;
20/06/2024;0,01;0,00;-0,02;;;;;
21/06/2024;0,00;0,01;0,03;;;;;
24/06/2024;0,00;-0,01;-0,02;;;;;
25/06/2024;0,00;0,00;0,02;;;;;
26/06/2024;0,00;0,00;0,04;;;;;
27/06/2024;0,01;0,00;0,00;;;;;
28/06/2024;0,01;0,00;-0,05;;;;;
01/07/2024;0,00;0,01;-0,01;;;;;
02/07/2024;0,01;0,00;0,01;;;;;
03/07/2024;0,00;0,01;-0,01;;;;;
04/07/2024;0,00;0,01;0,04;;;;;
05/07/2024;0,00;0,00;-0,03;;;;;
08/07/2024;0,02;0,00;-0,01;;;;;
09/07/2024;0,00;0,01;0,06;;;;;
10/07/2024;0,01;0,00;-0,02;;;;;
11/07/2024;0,00;0,01;-0,01;;;;;
12/07/2024;-0,01;0,00;-0,08;;;;;
15/07/2024;0,01;0,01;0,04;;;;;
16/07/2024;0,00;0,00;0,00;;;;;
17/07/2024;0,01;0,00;0,10;;;;;
18/07/2024;-0,01;0,00;-0,03;;;;;
19/07/2024;0,00;0,00;0,08;;;;;
22/07/2024;-0,01;0,00;-0,02;;;;;
23/07/2024;0,01;0,01;0,02;;;;;
24/07/2024;0,01;0,00;-0,03;;;;;
25/07/2024;0,00;0,00;0,00;;;;;
26/07/2024;0,01;0,00;-0,01;;;;;
29/07/2024;0,01;0,00;-0,06;;;;;
30/07/2024;0,01;-0,01;-0,05;;;;;
31/07/2024;-0,01;0,00;0,00;;;;;
01/08/2024;-0,02;0,00;0,00;;;;;
02/08/2024;0,00;-0,01;-0,02;;;;;
05/08/2024;0,00;0,00;-0,02;;;;;
06/08/2024;-0,01;0,00;0,01;;;;;
07/08/2024;-0,01;0,01;0,02;;;;;
08/08/2024;0,00;0,00;-0,02;;;;;
09/08/2024;0,01;-0,01;-0,02;;;;;
12/08/2024;0,00;0,01;0,02;;;;;
13/08/2024;-0,01;0,00;-0,02;;;;;
14/08/2024;0,01;-0,01;0,04;;;;;
15/08/2024;0,01;0,00;-0,06;;;;;
16/08/2024;0,00;0,01;-0,02;;;;;
19/08/2024;0,00;0,01;0,10;;;;;
20/08/2024;0,00;0,01;-0,02;;;;;
21/08/2024;0,01;0,02;0,03;;;;;
22/08/2024;0,00;0,00;-0,01;;;;;
23/08/2024;0,00;0,01;0,04;;;;;
26/08/2024;0,00;0,01;-0,03;;;;;
27/08/2024;0,00;0,01;0,03;;;;;
28/08/2024;0,00;0,00;-0,03;;;;;
29/08/2024;0,00;0,01;0,12;;;;;
30/08/2024;0,01;0,00;-0,05;;;;;
02/09/2024;0,00;0,00;0,13;;;;;
03/09/2024;-0,02;-0,01;-0,07;;;;;
04/09/2024;-0,01;0,00;0,05;;;;;
05/09/2024;0,00;0,01;-0,08;;;;;
06/09/2024;-0,02;0,00;0,01;;;;;
09/09/2024;0,00;0,00;-0,02;;;;;
10/09/2024;0,00;-0,01;-0,03;;;;;
11/09/2024;-0,01;0,00;-0,01;;;;;
12/09/2024;0,00;-0,01;-0,03;;;;;
13/09/2024;0,00;0,00;-0,01;;;;;
16/09/2024;-0,01;0,01;0,02;;;;;
17/09/2024;0,01;0,00;-0,02;;;;;
18/09/2024;0,00;-0,01;-0,01;;;;;
19/09/2024;0,01;0,00;-0,05;;;;;
20/09/2024;0,00;0,00;-0,01;;;;;
23/09/2024;-0,01;0,00;0,04;;;;;
24/09/2024;0,00;0,00;-0,03;;;;;
25/09/2024;0,01;0,01;0,14;;;;;
26/09/2024;0,02;0,00;-0,02;;;;;
27/09/2024;0,00;0,00;0,02;;;;;
30/09/2024;-0,01;-0,01;-0,01;;;;;
01/10/2024;0,00;0,00;-0,03;;;;;
02/10/2024;0,00;-0,02;-0,07;;;;;
03/10/2024;-0,01;0,00;0,00;;;;;
04/10/2024;-0,01;0,01;-0,01;;;;;
07/10/2024;0,01;0,00;-0,01;;;;;
08/10/2024;0,00;0,01;0,01;;;;;
09/10/2024;0,00;0,00;0,02;;;;;
10/10/2024;0,00;-0,01;-0,02;;;;;
11/10/2024;-0,01;0,01;-0,01;;;;;
14/10/2024;-0,01;0,01;0,01;;;;;
15/10/2024;0,00;-0,01;-0,01;;;;;
16/10/2024;0,00;0,00;-0,01;;;;;
17/10/2024;-0,01;0,00;-0,01;;;;;
18/10/2024;0,01;0,00;0,01;;;;;
21/10/2024;0,01;-0,01;-0,02;;;;;
22/10/2024;-0,01;0,00;0,00;;;;;
23/10/2024;0,00;0,00;0,01;;;;;
24/10/2024;-0,01;0,01;0,02;;;;;
25/10/2024;0,00;0,00;-0,01;;;;;
28/10/2024;0,00;0,01;0,01;;;;;
29/10/2024;0,00;-0,01;-0,01;;;;;
30/10/2024;0,00;0,00;0,01;;;;;
31/10/2024;0,01;0,00;0,02;;;;;
01/11/2024;0,00;0,00;-0,01;;;;;
04/11/2024;0,00;0,00;0,01;;;;;
05/11/2024;0,01;0,01;0,05;;;;;
06/11/2024;0,01;0,00;0,05;;;;;
07/11/2024;0,00;0,01;0,03;;;;;
08/11/2024;0,01;0,00;-0,03;;;;;
11/11/2024;0,00;0,00;0,04;;;;;
12/11/2024;0,01;-0,01;-0,05;;;;;
13/11/2024;0,01;-0,01;-0,05;;;;;
14/11/2024;0,00;0,02;0,09;;;;;
18/11/2024;0,00;0,00;0,01;;;;;
19/11/2024;0,01;0,00;0,04;;;;;
21/11/2024;0,00;-0,01;-0,07;;;;;
22/11/2024;0,00;-0,01;-0,01;;;;;
25/11/2024;0,00;0,00;0,02;;;;;
26/11/2024;0,00;0,00;0,02;;;;;
27/11/2024;0,00;0,00;0,02;;;;;
28/11/2024;0,00;0,00;0,06;;;;;
29/11/2024;0,01;0,00;0,00;;;;;
02/12/2024;0,00;0,00;0,03;;;;;
03/12/2024;0,01;-0,01;0,01;;;;;
04/12/2024;0,00;0,02;0,05;;;;;
05/12/2024;0,00;0,00;0,09;;;;;
06/12/2024;0,00;0,01;0,03;;;;;
09/12/2024;-0,02;-0,02;-0,05;;;;;
10/12/2024;0,02;-0,02;-0,13;;;;;
11/12/2024;0,01;0,01;0,03;;;;;
12/12/2024;0,00;0,00;0,01;;;;;
13/12/2024;0,00;0,01;0,04;;;;;
16/12/2024;0,00;0,00;0,02;;;;;
17/12/2024;0,00;0,01;-0,09;;;;;
18/12/2024;0,00;-0,01;-0,12;;;;;
19/12/2024;0,01;0,01;0,01;;;;;
20/12/2024;0,00;0,01;0,05;;;;;
23/12/2024;0,00;0,01;0,00;;;;;
26/12/2024;0,00;-0,03;-0,06;;;;;
27/12/2024;0,01;-0,01;-0,05;;;;;
30/12/2024;0,03;-0,01;-0,04;;;;;
02/01/2025;0,01;0,01;-0,01;;;;;
03/01/2025;0,00;-0,03;-0,17;;;;;
06/01/2025;0,00;0,00;0,05;;;;;
07/01/2025;0,00;0,01;0,01;;;;;
08/01/2025;-0,01;-0,01;-0,06;;;;;
09/01/2025;0,01;0,00;-0,08;;;;;
10/01/2025;0,00;-0,01;-0,02;;;;;
13/01/2025;0,00;0,00;-0,01;;;;;
14/01/2025;0,00;0,00;0,09;;;;;
15/01/2025;-0,02;-0,01;0,00;;;;;
16/01/2025;0,02;0,01;0,04;;;;;
17/01/2025;0,00;0,01;0,04;;;;;
20/01/2025;0,02;-0,01;-0,01;;;;;
21/01/2025;0,00;0,00;0,01;;;;;
22/01/2025;0,00;-0,01;0,02;;;;;
23/01/2025;-0,02;0,00;-0,01;;;;;
24/01/2025;0,01;0,00;0,01;;;;;
27/01/2025;0,00;0,03;0,08;;;;;
28/01/2025;0,00;-0,01;-0,06;;;;;
29/01/2025;0,01;0,01;0,02;;;;;
30/01/2025;0,00;0,00;0,00;;;;;
31/01/2025;0,00;0,01;0,01;;;;;
03/02/2025;0,00;0,00;0,06;;;;;
04/02/2025;-0,01;0,00;-0,01;;;;;
05/02/2025;-0,01;0,00;-0,03;;;;;
06/02/2025;-0,01;0,02;0,04;;;;;
07/02/2025;0,01;-0,01;-0,05;;;;;
10/02/2025;-0,01;-0,01;0,02;;;;;
11/02/2025;0,00;0,03;0,08;;;;;
12/02/2025;0,00;-0,01;0,01;;;;;
13/02/2025;-0,01;0,00;0,01;;;;;
14/02/2025;0,00;-0,01;-0,03;;;;;
17/02/2025;0,00;0,00;-0,05;;;;;
18/02/2025;0,00;0,01;0,04;;;;;
19/02/2025;0,00;-0,01;-0,03;;;;;
20/02/2025;0,00;0,01;0,02;;;;;
21/02/2025;-0,01;0,01;0,04;;;;;
24/02/2025;0,00;-0,02;-0,06;;;;;
25/02/2025;-0,01;0,00;0,01;;;;;
26/02/2025;0,01;0,03;0,07;;;;;
27/02/2025;-0,01;0,01;0,05;;;;;
28/02/2025;-0,01;0,00;-0,01;;;;;
05/03/2025;0,01;-0,01;-0,09;;;;;
06/03/2025;-0,01;0,00;-0,02;;;;;
07/03/2025;0,01;0,00;0,02;;;;;
10/03/2025;-0,01;-0,01;-0,04;;;;;
11/03/2025;0,00;0,00;0,04;;;;;
12/03/2025;0,00;-0,01;-0,04;;;;;
13/03/2025;-0,01;0,00;0,01;;;;;
14/03/2025;0,00;-0,02;-0,02;;;;;
17/03/2025;0,00;0,00;0,00;;;;;
18/03/2025;0,00;0,00;0,03;;;;;
19/03/2025;0,00;0,01;0,05;;;;;
20/03/2025;-0,01;0,00;-0,03;;;;;
21/03/2025;0,00;-0,01;0,02;;;;;
24/03/2025;0,00;0,00;0,01;;;;;
25/03/2025;0,00;0,01;0,01;;;;;
26/03/2025;0,00;0,03;0,08;;;;;
27/03/2025;0,00;0,01;0,00;;;;;
28/03/2025;0,00;0,00;-0,03;;;;;
31/03/2025;0,01;0,01;0,05;;;;;
01/04/2025;0,00;0,00;-0,01;;;;;
02/04/2025;0,01;0,00;-0,02;;;;;
03/04/2025;0,00;-0,01;0,07;;;;;
04/04/2025;-0,01;0,01;0,07;;;;;
07/04/2025;-0,01;0,00;0,03;;;;;
08/04/2025;0,00;0,00;-0,03;;;;;
09/04/2025;0,00;-0,01;0,00;;;;;
10/04/2025;0,01;-0,01;-0,06;;;;;
11/04/2025;0,00;0,01;0,01;;;;;
14/04/2025;0,00;0,00;-0,01;;;;;
15/04/2025;-0,01;0,00;0,01;;;;;
16/04/2025;-0,01;-0,03;-0,06;;;;;
17/04/2025;0,00;-0,01;-0,02;;;;;
22/04/2025;0,00;-0,01;0,01;;;;;
23/04/2025;0,00;0,03;0,08;;;;;
24/04/2025;0,01;-0,01;-0,02;;;;;
25/04/2025;0,00;0,01;0,03;;;;;
28/04/2025;-0,01;0,01;0,03;;;;;
29/04/2025;0,01;0,00;-0,03;;;;;
30/04/2025;0,00;-0,01;0,00;;;;;
02/05/2025;0,00;0,01;0,03;;;;;
05/05/2025;0,00;0,01;-0,01;;;;;
06/05/2025;-0,01;0,01;0,06;;;;;
07/05/2025;0,00;0,02;0,01;;;;;
08/05/2025;-0,02;0,00;-0,03;;;;;
09/05/2025;0,03;0,00;-0,01;;;;;
12/05/2025;0,02;0,00;0,00;;;;;
13/05/2025;0,01;0,00;-0,05;;;;;
14/05/2025;0,02;0,00;0,02;;;;;
15/05/2025;-0,02;-0,01;-0,01;;;;;
16/05/2025;-0,01;0,00;-0,06;;;;;
19/05/2025;-0,01;0,00;-0,03;;;;;
20/05/2025;0,00;0,02;0,11;;;;;
21/05/2025;0,00;0,00;0,05;;;;;
22/05/2025;0,00;0,00;-0,02;;;;;
23/05/2025;-0,02;0,02;0,09;;;;;
26/05/2025;-0,01;0,00;-0,04;;;;;
27/05/2025;0,00;0,01;-0,07;;;;;
28/05/2025;0,00;0,00;0,06;;;;;
29/05/2025;0,00;0,00;-0,02;;;;;
30/05/2025;0,00;0,00;0,00;;;;;
02/06/2025;0,00;-0,02;-0,03;;;;;
03/06/2025;0,00;0,00;0,01;;;;;
04/06/2025;0,00;0,00;0,00;;;;;
05/06/2025;0,01;0,00;0,00;;;;;
06/06/2025;0,00;0,01;0,07;;;;;
09/06/2025;-0,01;0,00;0,01;;;;;
10/06/2025;-0,01;0,00;-0,02;;;;;
11/06/2025;0,01;-0,01;0,00;;;;;
12/06/2025;-0,01;0,00;0,04;;;;;
13/06/2025;0,00;0,01;0,05;;;;;
16/06/2025;0,00;0,00;0,01;;;;;
17/06/2025;0,01;-0,01;-0,02;;;;;
18/06/2025;-0,01;0,00;-0,01;;;;;
20/06/2025;0,00;0,00;0,02;;;;;
23/06/2025;0,00;0,01;0,01;;;;;
24/06/2025;0,00;0,01;-0,03;;;;;
25/06/2025;0,01;0,00;0,00;;;;;
26/06/2025;-0,01;0,00;-0,08;;;;;
27/06/2025;0,00;0,01;0,02;;;;;
30/06/2025;0,01;0,00;-0,01;;;;;
01/07/2025;-0,01;0,00;-0,01;;;;;
02/07/2025;0,01;-0,01;-0,01;;;;;
03/07/2025;0,00;0,00;0,00;;;;;
04/07/2025;0,00;0,00;0,05;;;;;
07/07/2025;-0,01;-0,01;-0,03;;;;;
08/07/2025;-0,01;0,01;0,01;;;;;
09/07/2025;0,00;0,00;-0,01;;;;;
10/07/2025;0,00;0,01;0,02;;;;;
11/07/2025;0,00;0,00;0,02;;;;;
14/07/2025;0,00;0,00;-0,02;;;;;
15/07/2025;0,00;0,01;0,04;;;;;
16/07/2025;0,00;0,00;0,00;;;;;
17/07/2025;-0,01;-0,01;0,00;;;;;
18/07/2025;-0,01;0,00;-0,02;;;;;
21/07/2025;0,00;-0,01;-0,05;;;;;
22/07/2025;0,00;-0,01;-0,01;;;;;
23/07/2025;0,00;0,00;0,02;;;;;
24/07/2025;0,00;-0,01;-0,02;;;;;
25/07/2025;0,01;0,00;0,07;;;;;
28/07/2025;-0,01;0,00;0,02;;;;;
29/07/2025;-0,01;0,00;0,00;;;;;
30/07/2025;0,00;-0,02;-0,04;;;;;
31/07/2025;0,00;0,01;-0,03;;;;;
01/08/2025;0,00;0,00;0,00;;;;;
04/08/2025;-0,01;0,01;0,05;;;;;
05/08/2025;0,00;-0,01;-0,01;;;;;
06/08/2025;0,01;0,00;0,01;;;;;
07/08/2025;0,00;-0,01;-0,03;;;;;
08/08/2025;0,00;0,00;-0,01;;;;;
11/08/2025;0,01;0,01;0,03;;;;;
12/08/2025;0,01;-0,01;-0,01;;;;;
13/08/2025;0,00;0,00;0,00;;;;;
14/08/2025;0,00;0,00;0,00;;;;;
15/08/2025;0,00;0,00;0,01;;;;;
18/08/2025;0,00;0,01;0,00;;;;;
19/08/2025;0,00;0,01;0,00;;;;;
20/08/2025;0,00;0,00;-0,03;;;;;
21/08/2025;0,00;0,00;-0,01;;;;;
22/08/2025;0,00;0,02;0,02;;;;;
25/08/2025;-0,01;-0,01;-0,11;;;;;
26/08/2025;0,00;0,00;-0,02;;;;;
27/08/2025;0,01;0,00;0,00;;;;;
28/08/2025;0,00;0,01;0,03;;;;;
29/08/2025;0,00;-0,02;-0,04;;;;;
01/09/2025;0,00;0,00;0,00;;;;;
